Date,Store,Product,Price,Cost,Units_Sold,Promo,Holiday
2024-01-01,Store_A,Cola,11.34,7.0,768,0,1
2024-01-01,Store_B,Cola,11.41,7.0,869,0,1
2024-01-01,Store_C,Cola,12.12,7.0,755,0,1
2024-01-01,Store_A,Chips,19.99,11.0,469,0,1
2024-01-01,Store_B,Chips,19.24,11.0,438,0,1
2024-01-01,Store_C,Chips,19.49,11.0,474,0,1
2024-01-01,Store_A,Water,7.17,4.0,1302,1,1
2024-01-01,Store_B,Water,8.02,4.0,882,0,1
2024-01-01,Store_C,Water,7.84,4.0,954,0,1
2024-01-02,Store_A,Cola,11.99,7.0,527,0,0
2024-01-02,Store_B,Cola,10.78,7.0,789,1,0
2024-01-02,Store_C,Cola,11.42,7.0,579,0,0
2024-01-02,Store_A,Chips,18.31,11.0,461,1,0
2024-01-02,Store_B,Chips,20.3,11.0,272,0,0
2024-01-02,Store_C,Chips,19.92,11.0,314,0,0
2024-01-02,Store_A,Water,8.64,4.0,559,0,0
2024-01-02,Store_B,Water,8.02,4.0,601,0,0
2024-01-02,Store_C,Water,8.14,4.0,677,0,0
2024-01-03,Store_A,Cola,12.16,7.0,432,0,0
2024-01-03,Store_B,Cola,12.3,7.0,502,0,0
2024-01-03,Store_C,Cola,11.94,7.0,549,0,0
2024-01-03,Store_A,Chips,20.14,11.0,294,0,0
2024-01-03,Store_B,Chips,20.0,11.0,292,0,0
2024-01-03,Store_C,Chips,19.99,11.0,312,0,0
2024-01-03,Store_A,Water,8.0,4.0,672,0,0
2024-01-03,Store_B,Water,7.73,4.0,598,0,0
2024-01-03,Store_C,Water,8.03,4.0,733,0,0
2024-01-04,Store_A,Cola,12.05,7.0,511,0,0
2024-01-04,Store_B,Cola,12.17,7.0,505,0,0
2024-01-04,Store_C,Cola,12.01,7.0,467,0,0
2024-01-04,Store_A,Chips,17.69,11.0,508,1,0
2024-01-04,Store_B,Chips,18.03,11.0,451,1,0
2024-01-04,Store_C,Chips,19.55,11.0,316,0,0
2024-01-04,Store_A,Water,7.72,4.0,714,0,0
2024-01-04,Store_B,Water,8.02,4.0,588,0,0
2024-01-04,Store_C,Water,8.39,4.0,598,0,0
2024-01-05,Store_A,Cola,12.26,7.0,469,0,0
2024-01-05,Store_B,Cola,11.85,7.0,469,0,0
2024-01-05,Store_C,Cola,12.23,7.0,487,0,0
2024-01-05,Store_A,Chips,19.78,11.0,304,0,0
2024-01-05,Store_B,Chips,19.45,11.0,296,0,0
2024-01-05,Store_C,Chips,20.56,11.0,294,0,0
2024-01-05,Store_A,Water,7.97,4.0,628,0,0
2024-01-05,Store_B,Water,8.0,4.0,652,0,0
2024-01-05,Store_C,Water,7.91,4.0,654,0,0
2024-01-06,Store_A,Cola,12.32,7.0,523,0,0
2024-01-06,Store_B,Cola,11.3,7.0,590,0,0
2024-01-06,Store_C,Cola,10.73,7.0,876,1,0
2024-01-06,Store_A,Chips,20.27,11.0,337,0,0
2024-01-06,Store_B,Chips,17.5,11.0,577,1,0
2024-01-06,Store_C,Chips,20.22,11.0,346,0,0
2024-01-06,Store_A,Water,7.53,4.0,864,0,0
2024-01-06,Store_B,Water,8.08,4.0,755,0,0
2024-01-06,Store_C,Water,7.43,4.0,725,0,0
2024-01-07,Store_A,Cola,12.0,7.0,588,0,0
2024-01-07,Store_B,Cola,11.46,7.0,598,0,0
2024-01-07,Store_C,Cola,11.2,7.0,560,0,0
2024-01-07,Store_A,Chips,19.34,11.0,362,0,0
2024-01-07,Store_B,Chips,18.62,11.0,356,0,0
2024-01-07,Store_C,Chips,19.07,11.0,342,0,0
2024-01-07,Store_A,Water,7.25,4.0,1265,1,0
2024-01-07,Store_B,Water,8.38,4.0,681,0,0
2024-01-07,Store_C,Water,8.12,4.0,709,0,0
2024-01-08,Store_A,Cola,10.74,7.0,843,1,0
2024-01-08,Store_B,Cola,11.83,7.0,449,0,0
2024-01-08,Store_C,Cola,11.87,7.0,548,0,0
2024-01-08,Store_A,Chips,19.62,11.0,329,0,0
2024-01-08,Store_B,Chips,19.98,11.0,301,0,0
2024-01-08,Store_C,Chips,18.2,11.0,468,1,0
2024-01-08,Store_A,Water,7.5,4.0,758,0,0
2024-01-08,Store_B,Water,7.6,4.0,642,0,0
2024-01-08,Store_C,Water,7.41,4.0,949,1,0
2024-01-09,Store_A,Cola,11.37,7.0,547,0,0
2024-01-09,Store_B,Cola,11.74,7.0,507,0,0
2024-01-09,Store_C,Cola,12.08,7.0,495,0,0
2024-01-09,Store_A,Chips,19.84,11.0,270,0,0
2024-01-09,Store_B,Chips,21.39,11.0,284,0,0
2024-01-09,Store_C,Chips,19.9,11.0,298,0,0
2024-01-09,Store_A,Water,8.09,4.0,637,0,0
2024-01-09,Store_B,Water,8.26,4.0,640,0,0
2024-01-09,Store_C,Water,7.82,4.0,668,0,0
2024-01-10,Store_A,Cola,12.54,7.0,463,0,0
2024-01-10,Store_B,Cola,12.54,7.0,446,0,0
2024-01-10,Store_C,Cola,12.75,7.0,501,0,0
2024-01-10,Store_A,Chips,18.22,11.0,444,1,0
2024-01-10,Store_B,Chips,19.6,11.0,317,0,0
2024-01-10,Store_C,Chips,19.92,11.0,282,0,0
2024-01-10,Store_A,Water,7.02,4.0,983,1,0
2024-01-10,Store_B,Water,8.17,4.0,688,0,0
2024-01-10,Store_C,Water,8.73,4.0,568,0,0
2024-01-11,Store_A,Cola,11.84,7.0,510,0,0
2024-01-11,Store_B,Cola,11.01,7.0,718,1,0
2024-01-11,Store_C,Cola,12.07,7.0,489,0,0
2024-01-11,Store_A,Chips,19.88,11.0,301,0,0
2024-01-11,Store_B,Chips,20.2,11.0,329,0,0
2024-01-11,Store_C,Chips,18.02,11.0,421,1,0
2024-01-11,Store_A,Water,8.16,4.0,664,0,0
2024-01-11,Store_B,Water,7.73,4.0,666,0,0
2024-01-11,Store_C,Water,7.29,4.0,1134,1,0
2024-01-12,Store_A,Cola,10.63,7.0,743,1,0
2024-01-12,Store_B,Cola,11.72,7.0,520,0,0
2024-01-12,Store_C,Cola,11.64,7.0,555,0,0
2024-01-12,Store_A,Chips,19.95,11.0,294,0,0
2024-01-12,Store_B,Chips,19.42,11.0,327,0,0
2024-01-12,Store_C,Chips,18.08,11.0,494,1,0
2024-01-12,Store_A,Water,8.03,4.0,661,0,0
2024-01-12,Store_B,Water,8.03,4.0,599,0,0
2024-01-12,Store_C,Water,8.07,4.0,568,0,0
2024-01-13,Store_A,Cola,12.32,7.0,527,0,0
2024-01-13,Store_B,Cola,12.61,7.0,516,0,0
2024-01-13,Store_C,Cola,12.04,7.0,501,0,0
2024-01-13,Store_A,Chips,19.5,11.0,370,0,0
2024-01-13,Store_B,Chips,20.79,11.0,309,0,0
2024-01-13,Store_C,Chips,19.67,11.0,337,0,0
2024-01-13,Store_A,Water,7.99,4.0,767,0,0
2024-01-13,Store_B,Water,7.9,4.0,697,0,0
2024-01-13,Store_C,Water,8.24,4.0,665,0,0
2024-01-14,Store_A,Cola,11.82,7.0,592,0,0
2024-01-14,Store_B,Cola,11.99,7.0,524,0,0
2024-01-14,Store_C,Cola,12.23,7.0,515,0,0
2024-01-14,Store_A,Chips,19.25,11.0,331,0,0
2024-01-14,Store_B,Chips,20.03,11.0,357,0,0
2024-01-14,Store_C,Chips,19.7,11.0,319,0,0
2024-01-14,Store_A,Water,7.88,4.0,769,0,0
2024-01-14,Store_B,Water,7.84,4.0,694,0,0
2024-01-14,Store_C,Water,7.95,4.0,745,0,0
2024-01-15,Store_A,Cola,12.01,7.0,556,0,0
2024-01-15,Store_B,Cola,11.76,7.0,473,0,0
2024-01-15,Store_C,Cola,11.18,7.0,506,0,0
2024-01-15,Store_A,Chips,18.87,11.0,335,0,0
2024-01-15,Store_B,Chips,19.57,11.0,303,0,0
2024-01-15,Store_C,Chips,17.65,11.0,522,1,0
2024-01-15,Store_A,Water,7.86,4.0,590,0,0
2024-01-15,Store_B,Water,7.99,4.0,647,0,0
2024-01-15,Store_C,Water,7.99,4.0,701,0,0
2024-01-16,Store_A,Cola,11.82,7.0,508,0,0
2024-01-16,Store_B,Cola,10.64,7.0,795,1,0
2024-01-16,Store_C,Cola,11.98,7.0,508,0,0
2024-01-16,Store_A,Chips,19.62,11.0,303,0,0
2024-01-16,Store_B,Chips,20.0,11.0,275,0,0
2024-01-16,Store_C,Chips,19.75,11.0,299,0,0
2024-01-16,Store_A,Water,8.02,4.0,641,0,0
2024-01-16,Store_B,Water,7.15,4.0,966,1,0
2024-01-16,Store_C,Water,7.12,4.0,1038,1,0
2024-01-17,Store_A,Cola,12.03,7.0,494,0,0
2024-01-17,Store_B,Cola,11.6,7.0,538,0,0
2024-01-17,Store_C,Cola,11.49,7.0,510,0,0
2024-01-17,Store_A,Chips,20.17,11.0,300,0,0
2024-01-17,Store_B,Chips,20.47,11.0,307,0,0
2024-01-17,Store_C,Chips,20.38,11.0,289,0,0
2024-01-17,Store_A,Water,8.15,4.0,584,0,0
2024-01-17,Store_B,Water,7.94,4.0,667,0,0
2024-01-17,Store_C,Water,7.98,4.0,642,0,0
2024-01-18,Store_A,Cola,12.1,7.0,505,0,0
2024-01-18,Store_B,Cola,11.81,7.0,509,0,0
2024-01-18,Store_C,Cola,12.26,7.0,496,0,0
2024-01-18,Store_A,Chips,18.62,11.0,298,0,0
2024-01-18,Store_B,Chips,20.12,11.0,267,0,0
2024-01-18,Store_C,Chips,17.78,11.0,452,1,0
2024-01-18,Store_A,Water,8.14,4.0,648,0,0
2024-01-18,Store_B,Water,8.12,4.0,531,0,0
2024-01-18,Store_C,Water,8.11,4.0,702,0,0
2024-01-19,Store_A,Cola,10.87,7.0,789,1,0
2024-01-19,Store_B,Cola,11.99,7.0,527,0,0
2024-01-19,Store_C,Cola,11.99,7.0,506,0,0
2024-01-19,Store_A,Chips,20.59,11.0,271,0,0
2024-01-19,Store_B,Chips,20.31,11.0,312,0,0
2024-01-19,Store_C,Chips,20.13,11.0,285,0,0
2024-01-19,Store_A,Water,8.08,4.0,659,0,0
2024-01-19,Store_B,Water,7.35,4.0,973,1,0
2024-01-19,Store_C,Water,7.07,4.0,989,1,0
2024-01-20,Store_A,Cola,12.16,7.0,558,0,0
2024-01-20,Store_B,Cola,11.92,7.0,596,0,0
2024-01-20,Store_C,Cola,12.29,7.0,614,0,0
2024-01-20,Store_A,Chips,20.09,11.0,364,0,0
2024-01-20,Store_B,Chips,20.05,11.0,343,0,0
2024-01-20,Store_C,Chips,19.43,11.0,363,0,0
2024-01-20,Store_A,Water,7.18,4.0,1158,1,0
2024-01-20,Store_B,Water,7.15,4.0,1184,1,0
2024-01-20,Store_C,Water,7.84,4.0,799,0,0
2024-01-21,Store_A,Cola,11.92,7.0,557,0,0
2024-01-21,Store_B,Cola,11.75,7.0,563,0,0
2024-01-21,Store_C,Cola,11.37,7.0,629,0,0
2024-01-21,Store_A,Chips,19.85,11.0,364,0,0
2024-01-21,Store_B,Chips,19.8,11.0,380,0,0
2024-01-21,Store_C,Chips,21.29,11.0,270,0,0
2024-01-21,Store_A,Water,8.47,4.0,699,0,0
2024-01-21,Store_B,Water,8.06,4.0,688,0,0
2024-01-21,Store_C,Water,7.11,4.0,1135,1,0
2024-01-22,Store_A,Cola,12.06,7.0,529,0,0
2024-01-22,Store_B,Cola,11.57,7.0,497,0,0
2024-01-22,Store_C,Cola,12.02,7.0,438,0,0
2024-01-22,Store_A,Chips,17.46,11.0,498,1,0
2024-01-22,Store_B,Chips,19.97,11.0,290,0,0
2024-01-22,Store_C,Chips,17.39,11.0,491,1,0
2024-01-22,Store_A,Water,8.21,4.0,653,0,0
2024-01-22,Store_B,Water,7.41,4.0,973,1,0
2024-01-22,Store_C,Water,8.01,4.0,631,0,0
2024-01-23,Store_A,Cola,12.51,7.0,536,0,0
2024-01-23,Store_B,Cola,12.13,7.0,513,0,0
2024-01-23,Store_C,Cola,12.22,7.0,495,0,0
2024-01-23,Store_A,Chips,18.56,11.0,431,1,0
2024-01-23,Store_B,Chips,17.81,11.0,518,1,0
2024-01-23,Store_C,Chips,17.76,11.0,463,1,0
2024-01-23,Store_A,Water,7.29,4.0,1083,1,0
2024-01-23,Store_B,Water,7.31,4.0,978,1,0
2024-01-23,Store_C,Water,7.85,4.0,584,0,0
2024-01-24,Store_A,Cola,10.48,7.0,784,1,0
2024-01-24,Store_B,Cola,11.76,7.0,508,0,0
2024-01-24,Store_C,Cola,12.37,7.0,444,0,0
2024-01-24,Store_A,Chips,19.21,11.0,330,0,0
2024-01-24,Store_B,Chips,20.04,11.0,310,0,0
2024-01-24,Store_C,Chips,20.17,11.0,303,0,0
2024-01-24,Store_A,Water,7.97,4.0,643,0,0
2024-01-24,Store_B,Water,8.26,4.0,625,0,0
2024-01-24,Store_C,Water,7.95,4.0,652,0,0
2024-01-25,Store_A,Cola,11.85,7.0,525,0,0
2024-01-25,Store_B,Cola,12.23,7.0,562,0,0
2024-01-25,Store_C,Cola,11.8,7.0,535,0,0
2024-01-25,Store_A,Chips,19.99,11.0,282,0,0
2024-01-25,Store_B,Chips,19.16,11.0,290,0,0
2024-01-25,Store_C,Chips,19.93,11.0,269,0,0
2024-01-25,Store_A,Water,8.09,4.0,636,0,0
2024-01-25,Store_B,Water,7.29,4.0,964,1,0
2024-01-25,Store_C,Water,8.23,4.0,632,0,0
2024-01-26,Store_A,Cola,12.23,7.0,469,0,0
2024-01-26,Store_B,Cola,11.34,7.0,764,1,0
2024-01-26,Store_C,Cola,12.08,7.0,531,0,0
2024-01-26,Store_A,Chips,17.37,11.0,485,1,0
2024-01-26,Store_B,Chips,18.04,11.0,504,1,0
2024-01-26,Store_C,Chips,18.29,11.0,428,1,0
2024-01-26,Store_A,Water,8.12,4.0,646,0,0
2024-01-26,Store_B,Water,7.85,4.0,663,0,0
2024-01-26,Store_C,Water,8.33,4.0,625,0,0
2024-01-27,Store_A,Cola,11.97,7.0,523,0,0
2024-01-27,Store_B,Cola,10.99,7.0,805,1,0
2024-01-27,Store_C,Cola,11.74,7.0,583,0,0
2024-01-27,Store_A,Chips,21.97,11.0,330,0,0
2024-01-27,Store_B,Chips,20.05,11.0,336,0,0
2024-01-27,Store_C,Chips,20.42,11.0,325,0,0
2024-01-27,Store_A,Water,7.5,4.0,810,0,0
2024-01-27,Store_B,Water,8.08,4.0,695,0,0
2024-01-27,Store_C,Water,8.11,4.0,720,0,0
2024-01-28,Store_A,Cola,11.89,7.0,543,0,0
2024-01-28,Store_B,Cola,10.87,7.0,858,1,0
2024-01-28,Store_C,Cola,12.29,7.0,520,0,0
2024-01-28,Store_A,Chips,18.96,11.0,333,0,0
2024-01-28,Store_B,Chips,20.48,11.0,316,0,0
2024-01-28,Store_C,Chips,18.26,11.0,495,1,0
2024-01-28,Store_A,Water,7.2,4.0,1102,1,0
2024-01-28,Store_B,Water,8.0,4.0,703,0,0
2024-01-28,Store_C,Water,8.03,4.0,762,0,0
2024-01-29,Store_A,Cola,12.55,7.0,446,0,0
2024-01-29,Store_B,Cola,12.45,7.0,523,0,0
2024-01-29,Store_C,Cola,12.77,7.0,480,0,0
2024-01-29,Store_A,Chips,20.18,11.0,307,0,0
2024-01-29,Store_B,Chips,19.1,11.0,332,0,0
2024-01-29,Store_C,Chips,20.9,11.0,267,0,0
2024-01-29,Store_A,Water,7.07,4.0,986,1,0
2024-01-29,Store_B,Water,7.68,4.0,730,0,0
2024-01-29,Store_C,Water,8.0,4.0,646,0,0
2024-01-30,Store_A,Cola,12.51,7.0,464,0,0
2024-01-30,Store_B,Cola,11.78,7.0,544,0,0
2024-01-30,Store_C,Cola,11.8,7.0,522,0,0
2024-01-30,Store_A,Chips,20.81,11.0,290,0,0
2024-01-30,Store_B,Chips,19.74,11.0,298,0,0
2024-01-30,Store_C,Chips,20.02,11.0,294,0,0
2024-01-30,Store_A,Water,7.17,4.0,886,1,0
2024-01-30,Store_B,Water,7.1,4.0,992,1,0
2024-01-30,Store_C,Water,7.24,4.0,922,1,0
2024-01-31,Store_A,Cola,10.57,7.0,707,1,0
2024-01-31,Store_B,Cola,11.75,7.0,535,0,0
2024-01-31,Store_C,Cola,11.92,7.0,502,0,0
2024-01-31,Store_A,Chips,19.07,11.0,323,0,0
2024-01-31,Store_B,Chips,18.21,11.0,454,1,0
2024-01-31,Store_C,Chips,20.7,11.0,251,0,0
2024-01-31,Store_A,Water,7.94,4.0,625,0,0
2024-01-31,Store_B,Water,8.02,4.0,742,0,0
2024-01-31,Store_C,Water,7.86,4.0,650,0,0
2024-02-01,Store_A,Cola,11.83,7.0,537,0,0
2024-02-01,Store_B,Cola,11.73,7.0,468,0,0
2024-02-01,Store_C,Cola,10.32,7.0,871,1,0
2024-02-01,Store_A,Chips,20.75,11.0,304,0,0
2024-02-01,Store_B,Chips,19.44,11.0,298,0,0
2024-02-01,Store_C,Chips,19.36,11.0,341,0,0
2024-02-01,Store_A,Water,7.04,4.0,1032,1,0
2024-02-01,Store_B,Water,8.04,4.0,637,0,0
2024-02-01,Store_C,Water,6.89,4.0,1081,1,0
2024-02-02,Store_A,Cola,12.05,7.0,469,0,0
2024-02-02,Store_B,Cola,12.08,7.0,475,0,0
2024-02-02,Store_C,Cola,12.23,7.0,495,0,0
2024-02-02,Store_A,Chips,18.28,11.0,465,1,0
2024-02-02,Store_B,Chips,18.92,11.0,313,0,0
2024-02-02,Store_C,Chips,19.82,11.0,281,0,0
2024-02-02,Store_A,Water,8.37,4.0,648,0,0
2024-02-02,Store_B,Water,7.65,4.0,694,0,0
2024-02-02,Store_C,Water,8.12,4.0,595,0,0
2024-02-03,Store_A,Cola,11.23,7.0,596,0,0
2024-02-03,Store_B,Cola,11.83,7.0,610,0,0
2024-02-03,Store_C,Cola,11.82,7.0,503,0,0
2024-02-03,Store_A,Chips,20.26,11.0,303,0,0
2024-02-03,Store_B,Chips,21.13,11.0,311,0,0
2024-02-03,Store_C,Chips,19.49,11.0,351,0,0
2024-02-03,Store_A,Water,7.29,4.0,1078,1,0
2024-02-03,Store_B,Water,7.46,4.0,799,0,0
2024-02-03,Store_C,Water,7.86,4.0,740,0,0
2024-02-04,Store_A,Cola,12.86,7.0,493,0,0
2024-02-04,Store_B,Cola,11.78,7.0,593,0,0
2024-02-04,Store_C,Cola,12.51,7.0,529,0,0
2024-02-04,Store_A,Chips,19.9,11.0,301,0,0
2024-02-04,Store_B,Chips,19.12,11.0,350,0,0
2024-02-04,Store_C,Chips,18.69,11.0,368,0,0
2024-02-04,Store_A,Water,7.19,4.0,1012,1,0
2024-02-04,Store_B,Water,7.91,4.0,749,0,0
2024-02-04,Store_C,Water,7.92,4.0,779,0,0
2024-02-05,Store_A,Cola,12.33,7.0,477,0,0
2024-02-05,Store_B,Cola,12.26,7.0,491,0,0
2024-02-05,Store_C,Cola,11.58,7.0,497,0,0
2024-02-05,Store_A,Chips,18.32,11.0,485,1,0
2024-02-05,Store_B,Chips,17.93,11.0,448,1,0
2024-02-05,Store_C,Chips,19.87,11.0,313,0,0
2024-02-05,Store_A,Water,7.99,4.0,592,0,0
2024-02-05,Store_B,Water,7.81,4.0,724,0,0
2024-02-05,Store_C,Water,8.1,4.0,687,0,0
2024-02-06,Store_A,Cola,11.92,7.0,513,0,0
2024-02-06,Store_B,Cola,12.91,7.0,483,0,0
2024-02-06,Store_C,Cola,10.94,7.0,697,1,0
2024-02-06,Store_A,Chips,18.11,11.0,454,1,0
2024-02-06,Store_B,Chips,19.63,11.0,334,0,0
2024-02-06,Store_C,Chips,20.37,11.0,311,0,0
2024-02-06,Store_A,Water,7.89,4.0,644,0,0
2024-02-06,Store_B,Water,8.19,4.0,610,0,0
2024-02-06,Store_C,Water,7.53,4.0,655,0,0
2024-02-07,Store_A,Cola,11.83,7.0,534,0,0
2024-02-07,Store_B,Cola,12.65,7.0,485,0,0
2024-02-07,Store_C,Cola,11.98,7.0,586,0,0
2024-02-07,Store_A,Chips,19.98,11.0,298,0,0
2024-02-07,Store_B,Chips,20.51,11.0,295,0,0
2024-02-07,Store_C,Chips,20.2,11.0,306,0,0
2024-02-07,Store_A,Water,7.26,4.0,1069,1,0
2024-02-07,Store_B,Water,7.76,4.0,630,0,0
2024-02-07,Store_C,Water,7.86,4.0,715,0,0
2024-02-08,Store_A,Cola,12.24,7.0,483,0,0
2024-02-08,Store_B,Cola,10.82,7.0,788,1,0
2024-02-08,Store_C,Cola,12.39,7.0,429,0,0
2024-02-08,Store_A,Chips,20.07,11.0,313,0,0
2024-02-08,Store_B,Chips,19.36,11.0,334,0,0
2024-02-08,Store_C,Chips,20.07,11.0,252,0,0
2024-02-08,Store_A,Water,8.25,4.0,633,0,0
2024-02-08,Store_B,Water,8.23,4.0,692,0,0
2024-02-08,Store_C,Water,7.17,4.0,923,1,0
2024-02-09,Store_A,Cola,12.17,7.0,527,0,0
2024-02-09,Store_B,Cola,12.32,7.0,446,0,0
2024-02-09,Store_C,Cola,12.21,7.0,500,0,0
2024-02-09,Store_A,Chips,18.51,11.0,335,0,0
2024-02-09,Store_B,Chips,18.52,11.0,324,0,0
2024-02-09,Store_C,Chips,20.31,11.0,296,0,0
2024-02-09,Store_A,Water,7.76,4.0,650,0,0
2024-02-09,Store_B,Water,7.95,4.0,722,0,0
2024-02-09,Store_C,Water,7.79,4.0,688,0,0
2024-02-10,Store_A,Cola,11.76,7.0,594,0,0
2024-02-10,Store_B,Cola,12.15,7.0,569,0,0
2024-02-10,Store_C,Cola,11.49,7.0,574,0,0
2024-02-10,Store_A,Chips,20.3,11.0,360,0,0
2024-02-10,Store_B,Chips,19.55,11.0,366,0,0
2024-02-10,Store_C,Chips,20.06,11.0,311,0,0
2024-02-10,Store_A,Water,7.6,4.0,914,0,0
2024-02-10,Store_B,Water,7.46,4.0,873,0,0
2024-02-10,Store_C,Water,8.0,4.0,675,0,0
2024-02-11,Store_A,Cola,12.17,7.0,552,0,0
2024-02-11,Store_B,Cola,11.97,7.0,627,0,0
2024-02-11,Store_C,Cola,12.29,7.0,516,0,0
2024-02-11,Store_A,Chips,20.48,11.0,319,0,0
2024-02-11,Store_B,Chips,20.65,11.0,306,0,0
2024-02-11,Store_C,Chips,19.54,11.0,321,0,0
2024-02-11,Store_A,Water,7.54,4.0,1098,1,0
2024-02-11,Store_B,Water,8.26,4.0,725,0,0
2024-02-11,Store_C,Water,7.32,4.0,1132,1,0
2024-02-12,Store_A,Cola,10.93,7.0,742,1,0
2024-02-12,Store_B,Cola,11.89,7.0,463,0,0
2024-02-12,Store_C,Cola,10.59,7.0,808,1,0
2024-02-12,Store_A,Chips,19.67,11.0,289,0,0
2024-02-12,Store_B,Chips,21.36,11.0,267,0,0
2024-02-12,Store_C,Chips,20.6,11.0,276,0,0
2024-02-12,Store_A,Water,8.67,4.0,544,0,0
2024-02-12,Store_B,Water,8.02,4.0,590,0,0
2024-02-12,Store_C,Water,8.04,4.0,691,0,0
2024-02-13,Store_A,Cola,11.83,7.0,518,0,0
2024-02-13,Store_B,Cola,12.32,7.0,454,0,0
2024-02-13,Store_C,Cola,11.75,7.0,504,0,0
2024-02-13,Store_A,Chips,17.82,11.0,497,1,0
2024-02-13,Store_B,Chips,19.64,11.0,312,0,0
2024-02-13,Store_C,Chips,20.01,11.0,314,0,0
2024-02-13,Store_A,Water,7.18,4.0,968,1,0
2024-02-13,Store_B,Water,8.25,4.0,585,0,0
2024-02-13,Store_C,Water,8.12,4.0,621,0,0
2024-02-14,Store_A,Cola,12.39,7.0,492,0,0
2024-02-14,Store_B,Cola,12.36,7.0,472,0,0
2024-02-14,Store_C,Cola,11.38,7.0,673,1,0
2024-02-14,Store_A,Chips,20.17,11.0,310,0,0
2024-02-14,Store_B,Chips,19.16,11.0,301,0,0
2024-02-14,Store_C,Chips,19.94,11.0,303,0,0
2024-02-14,Store_A,Water,8.32,4.0,658,0,0
2024-02-14,Store_B,Water,7.99,4.0,673,0,0
2024-02-14,Store_C,Water,7.72,4.0,805,0,0
2024-02-15,Store_A,Cola,11.49,7.0,527,0,0
2024-02-15,Store_B,Cola,12.04,7.0,542,0,0
2024-02-15,Store_C,Cola,10.71,7.0,797,1,0
2024-02-15,Store_A,Chips,20.61,11.0,303,0,0
2024-02-15,Store_B,Chips,19.96,11.0,252,0,0
2024-02-15,Store_C,Chips,17.61,11.0,470,1,0
2024-02-15,Store_A,Water,7.03,4.0,982,1,0
2024-02-15,Store_B,Water,8.25,4.0,635,0,0
2024-02-15,Store_C,Water,8.2,4.0,664,0,0
2024-02-16,Store_A,Cola,11.97,7.0,483,0,0
2024-02-16,Store_B,Cola,12.45,7.0,441,0,0
2024-02-16,Store_C,Cola,12.16,7.0,486,0,0
2024-02-16,Store_A,Chips,19.31,11.0,289,0,0
2024-02-16,Store_B,Chips,20.15,11.0,319,0,0
2024-02-16,Store_C,Chips,20.88,11.0,294,0,0
2024-02-16,Store_A,Water,8.07,4.0,608,0,0
2024-02-16,Store_B,Water,7.68,4.0,680,0,0
2024-02-16,Store_C,Water,7.14,4.0,924,1,0
2024-02-17,Store_A,Cola,12.03,7.0,518,0,0
2024-02-17,Store_B,Cola,10.53,7.0,895,1,0
2024-02-17,Store_C,Cola,11.87,7.0,606,0,0
2024-02-17,Store_A,Chips,20.09,11.0,355,0,0
2024-02-17,Store_B,Chips,19.59,11.0,322,0,0
2024-02-17,Store_C,Chips,20.12,11.0,314,0,0
2024-02-17,Store_A,Water,7.88,4.0,749,0,0
2024-02-17,Store_B,Water,7.9,4.0,737,0,0
2024-02-17,Store_C,Water,8.14,4.0,674,0,0
2024-02-18,Store_A,Cola,11.88,7.0,574,0,0
2024-02-18,Store_B,Cola,11.87,7.0,642,0,0
2024-02-18,Store_C,Cola,10.69,7.0,858,1,0
2024-02-18,Store_A,Chips,20.08,11.0,375,0,0
2024-02-18,Store_B,Chips,20.11,11.0,345,0,0
2024-02-18,Store_C,Chips,19.97,11.0,331,0,0
2024-02-18,Store_A,Water,7.94,4.0,716,0,0
2024-02-18,Store_B,Water,8.07,4.0,664,0,0
2024-02-18,Store_C,Water,8.02,4.0,709,0,0
2024-02-19,Store_A,Cola,11.39,7.0,575,0,0
2024-02-19,Store_B,Cola,12.2,7.0,475,0,0
2024-02-19,Store_C,Cola,11.58,7.0,484,0,0
2024-02-19,Store_A,Chips,19.79,11.0,306,0,0
2024-02-19,Store_B,Chips,19.43,11.0,300,0,0
2024-02-19,Store_C,Chips,19.45,11.0,293,0,0
2024-02-19,Store_A,Water,8.09,4.0,601,0,0
2024-02-19,Store_B,Water,8.07,4.0,563,0,0
2024-02-19,Store_C,Water,7.87,4.0,678,0,0
2024-02-20,Store_A,Cola,12.25,7.0,489,0,0
2024-02-20,Store_B,Cola,11.98,7.0,544,0,0
2024-02-20,Store_C,Cola,11.19,7.0,541,0,0
2024-02-20,Store_A,Chips,20.26,11.0,300,0,0
2024-02-20,Store_B,Chips,17.21,11.0,496,1,0
2024-02-20,Store_C,Chips,20.04,11.0,256,0,0
2024-02-20,Store_A,Water,7.1,4.0,1091,1,0
2024-02-20,Store_B,Water,7.56,4.0,737,0,0
2024-02-20,Store_C,Water,8.78,4.0,542,0,0
2024-02-21,Store_A,Cola,12.34,7.0,515,0,0
2024-02-21,Store_B,Cola,11.59,7.0,561,0,0
2024-02-21,Store_C,Cola,12.89,7.0,428,0,0
2024-02-21,Store_A,Chips,17.5,11.0,446,1,0
2024-02-21,Store_B,Chips,20.91,11.0,283,0,0
2024-02-21,Store_C,Chips,19.68,11.0,315,0,0
2024-02-21,Store_A,Water,8.22,4.0,607,0,0
2024-02-21,Store_B,Water,8.02,4.0,604,0,0
2024-02-21,Store_C,Water,8.05,4.0,648,0,0
2024-02-22,Store_A,Cola,11.62,7.0,535,0,0
2024-02-22,Store_B,Cola,12.86,7.0,438,0,0
2024-02-22,Store_C,Cola,11.74,7.0,448,0,0
2024-02-22,Store_A,Chips,18.88,11.0,297,0,0
2024-02-22,Store_B,Chips,20.85,11.0,289,0,0
2024-02-22,Store_C,Chips,19.53,11.0,290,0,0
2024-02-22,Store_A,Water,7.75,4.0,754,0,0
2024-02-22,Store_B,Water,7.63,4.0,753,0,0
2024-02-22,Store_C,Water,7.88,4.0,708,0,0
2024-02-23,Store_A,Cola,12.46,7.0,483,0,0
2024-02-23,Store_B,Cola,11.94,7.0,571,0,0
2024-02-23,Store_C,Cola,12.18,7.0,454,0,0
2024-02-23,Store_A,Chips,20.76,11.0,274,0,0
2024-02-23,Store_B,Chips,19.61,11.0,318,0,0
2024-02-23,Store_C,Chips,18.85,11.0,320,0,0
2024-02-23,Store_A,Water,8.09,4.0,632,0,0
2024-02-23,Store_B,Water,7.42,4.0,737,0,0
2024-02-23,Store_C,Water,8.17,4.0,670,0,0
2024-02-24,Store_A,Cola,10.74,7.0,825,1,0
2024-02-24,Store_B,Cola,12.27,7.0,543,0,0
2024-02-24,Store_C,Cola,12.17,7.0,565,0,0
2024-02-24,Store_A,Chips,20.09,11.0,353,0,0
2024-02-24,Store_B,Chips,18.62,11.0,498,1,0
2024-02-24,Store_C,Chips,19.9,11.0,379,0,0
2024-02-24,Store_A,Water,7.89,4.0,728,0,0
2024-02-24,Store_B,Water,8.15,4.0,666,0,0
2024-02-24,Store_C,Water,7.87,4.0,713,0,0
2024-02-25,Store_A,Cola,10.87,7.0,815,1,0
2024-02-25,Store_B,Cola,11.44,7.0,620,0,0
2024-02-25,Store_C,Cola,10.71,7.0,815,1,0
2024-02-25,Store_A,Chips,20.41,11.0,354,0,0
2024-02-25,Store_B,Chips,19.9,11.0,337,0,0
2024-02-25,Store_C,Chips,20.45,11.0,328,0,0
2024-02-25,Store_A,Water,8.05,4.0,682,0,0
2024-02-25,Store_B,Water,7.91,4.0,734,0,0
2024-02-25,Store_C,Water,8.21,4.0,721,0,0
2024-02-26,Store_A,Cola,12.08,7.0,492,0,0
2024-02-26,Store_B,Cola,12.96,7.0,448,0,0
2024-02-26,Store_C,Cola,12.17,7.0,460,0,0
2024-02-26,Store_A,Chips,19.98,11.0,317,0,0
2024-02-26,Store_B,Chips,19.86,11.0,277,0,0
2024-02-26,Store_C,Chips,19.86,11.0,290,0,0
2024-02-26,Store_A,Water,8.08,4.0,699,0,0
2024-02-26,Store_B,Water,7.93,4.0,677,0,0
2024-02-26,Store_C,Water,7.83,4.0,697,0,0
2024-02-27,Store_A,Cola,12.69,7.0,455,0,0
2024-02-27,Store_B,Cola,12.07,7.0,491,0,0
2024-02-27,Store_C,Cola,11.15,7.0,528,0,0
2024-02-27,Store_A,Chips,19.7,11.0,284,0,0
2024-02-27,Store_B,Chips,19.37,11.0,314,0,0
2024-02-27,Store_C,Chips,20.37,11.0,280,0,0
2024-02-27,Store_A,Water,8.13,4.0,622,0,0
2024-02-27,Store_B,Water,8.69,4.0,601,0,0
2024-02-27,Store_C,Water,8.11,4.0,656,0,0
2024-02-28,Store_A,Cola,11.87,7.0,504,0,0
2024-02-28,Store_B,Cola,12.04,7.0,578,0,0
2024-02-28,Store_C,Cola,10.35,7.0,796,1,0
2024-02-28,Store_A,Chips,19.65,11.0,300,0,0
2024-02-28,Store_B,Chips,19.64,11.0,322,0,0
2024-02-28,Store_C,Chips,19.45,11.0,297,0,0
2024-02-28,Store_A,Water,7.59,4.0,729,0,0
2024-02-28,Store_B,Water,7.82,4.0,723,0,0
2024-02-28,Store_C,Water,7.72,4.0,640,0,0
2024-02-29,Store_A,Cola,12.07,7.0,533,0,0
2024-02-29,Store_B,Cola,10.76,7.0,786,1,0
2024-02-29,Store_C,Cola,12.23,7.0,525,0,0
2024-02-29,Store_A,Chips,20.14,11.0,285,0,0
2024-02-29,Store_B,Chips,18.29,11.0,463,1,0
2024-02-29,Store_C,Chips,20.06,11.0,285,0,0
2024-02-29,Store_A,Water,7.88,4.0,679,0,0
2024-02-29,Store_B,Water,8.68,4.0,609,0,0
2024-02-29,Store_C,Water,8.08,4.0,697,0,0
2024-03-01,Store_A,Cola,11.77,7.0,505,0,0
2024-03-01,Store_B,Cola,12.12,7.0,536,0,0
2024-03-01,Store_C,Cola,11.91,7.0,482,0,0
2024-03-01,Store_A,Chips,19.31,11.0,317,0,0
2024-03-01,Store_B,Chips,19.6,11.0,282,0,0
2024-03-01,Store_C,Chips,19.59,11.0,319,0,0
2024-03-01,Store_A,Water,8.17,4.0,696,0,0
2024-03-01,Store_B,Water,8.17,4.0,643,0,0
2024-03-01,Store_C,Water,7.12,4.0,1066,1,0
2024-03-02,Store_A,Cola,12.19,7.0,616,0,0
2024-03-02,Store_B,Cola,11.37,7.0,598,0,0
2024-03-02,Store_C,Cola,12.0,7.0,579,0,0
2024-03-02,Store_A,Chips,20.42,11.0,336,0,0
2024-03-02,Store_B,Chips,20.01,11.0,317,0,0
2024-03-02,Store_C,Chips,20.47,11.0,343,0,0
2024-03-02,Store_A,Water,8.36,4.0,703,0,0
2024-03-02,Store_B,Water,8.16,4.0,684,0,0
2024-03-02,Store_C,Water,6.97,4.0,1246,1,0
2024-03-03,Store_A,Cola,12.28,7.0,564,0,0
2024-03-03,Store_B,Cola,11.65,7.0,621,0,0
2024-03-03,Store_C,Cola,10.69,7.0,892,1,0
2024-03-03,Store_A,Chips,21.27,11.0,332,0,0
2024-03-03,Store_B,Chips,20.61,11.0,327,0,0
2024-03-03,Store_C,Chips,19.62,11.0,330,0,0
2024-03-03,Store_A,Water,8.18,4.0,650,0,0
2024-03-03,Store_B,Water,8.09,4.0,736,0,0
2024-03-03,Store_C,Water,8.14,4.0,734,0,0
2024-03-04,Store_A,Cola,12.31,7.0,474,0,0
2024-03-04,Store_B,Cola,10.59,7.0,713,1,0
2024-03-04,Store_C,Cola,10.65,7.0,821,1,0
2024-03-04,Store_A,Chips,19.1,11.0,315,0,0
2024-03-04,Store_B,Chips,19.55,11.0,299,0,0
2024-03-04,Store_C,Chips,19.43,11.0,307,0,0
2024-03-04,Store_A,Water,8.3,4.0,640,0,0
2024-03-04,Store_B,Water,7.77,4.0,608,0,0
2024-03-04,Store_C,Water,8.01,4.0,624,0,0
2024-03-05,Store_A,Cola,11.1,7.0,721,1,0
2024-03-05,Store_B,Cola,12.21,7.0,457,0,0
2024-03-05,Store_C,Cola,11.66,7.0,535,0,0
2024-03-05,Store_A,Chips,20.38,11.0,296,0,0
2024-03-05,Store_B,Chips,19.91,11.0,289,0,0
2024-03-05,Store_C,Chips,20.15,11.0,302,0,0
2024-03-05,Store_A,Water,8.14,4.0,640,0,0
2024-03-05,Store_B,Water,7.29,4.0,805,0,0
2024-03-05,Store_C,Water,8.16,4.0,578,0,0
2024-03-06,Store_A,Cola,10.62,7.0,772,1,0
2024-03-06,Store_B,Cola,10.63,7.0,793,1,0
2024-03-06,Store_C,Cola,12.02,7.0,477,0,0
2024-03-06,Store_A,Chips,18.68,11.0,413,1,0
2024-03-06,Store_B,Chips,20.48,11.0,326,0,0
2024-03-06,Store_C,Chips,19.83,11.0,323,0,0
2024-03-06,Store_A,Water,8.23,4.0,627,0,0
2024-03-06,Store_B,Water,8.25,4.0,583,0,0
2024-03-06,Store_C,Water,7.88,4.0,667,0,0
2024-03-07,Store_A,Cola,10.59,7.0,727,1,0
2024-03-07,Store_B,Cola,12.47,7.0,492,0,0
2024-03-07,Store_C,Cola,12.58,7.0,475,0,0
2024-03-07,Store_A,Chips,19.04,11.0,315,0,0
2024-03-07,Store_B,Chips,19.89,11.0,320,0,0
2024-03-07,Store_C,Chips,20.05,11.0,295,0,0
2024-03-07,Store_A,Water,8.12,4.0,661,0,0
2024-03-07,Store_B,Water,7.54,4.0,688,0,0
2024-03-07,Store_C,Water,7.92,4.0,690,0,0
2024-03-08,Store_A,Cola,10.55,7.0,873,1,0
2024-03-08,Store_B,Cola,12.2,7.0,467,0,0
2024-03-08,Store_C,Cola,11.81,7.0,499,0,0
2024-03-08,Store_A,Chips,18.07,11.0,471,1,0
2024-03-08,Store_B,Chips,18.54,11.0,335,0,0
2024-03-08,Store_C,Chips,20.45,11.0,295,0,0
2024-03-08,Store_A,Water,7.98,4.0,630,0,0
2024-03-08,Store_B,Water,8.19,4.0,628,0,0
2024-03-08,Store_C,Water,8.01,4.0,642,0,0
2024-03-09,Store_A,Cola,11.45,7.0,573,0,0
2024-03-09,Store_B,Cola,11.93,7.0,554,0,0
2024-03-09,Store_C,Cola,12.13,7.0,538,0,0
2024-03-09,Store_A,Chips,20.22,11.0,327,0,0
2024-03-09,Store_B,Chips,20.16,11.0,340,0,0
2024-03-09,Store_C,Chips,19.42,11.0,343,0,0
2024-03-09,Store_A,Water,8.18,4.0,825,0,0
2024-03-09,Store_B,Water,7.86,4.0,591,0,0
2024-03-09,Store_C,Water,8.15,4.0,735,0,0
2024-03-10,Store_A,Cola,12.16,7.0,597,0,0
2024-03-10,Store_B,Cola,12.25,7.0,596,0,0
2024-03-10,Store_C,Cola,11.71,7.0,585,0,0
2024-03-10,Store_A,Chips,19.92,11.0,348,0,0
2024-03-10,Store_B,Chips,20.1,11.0,327,0,0
2024-03-10,Store_C,Chips,17.84,11.0,558,1,0
2024-03-10,Store_A,Water,7.54,4.0,720,0,0
2024-03-10,Store_B,Water,8.11,4.0,732,0,0
2024-03-10,Store_C,Water,7.92,4.0,701,0,0
2024-03-11,Store_A,Cola,11.35,7.0,553,0,0
2024-03-11,Store_B,Cola,11.82,7.0,509,0,0
2024-03-11,Store_C,Cola,11.89,7.0,473,0,0
2024-03-11,Store_A,Chips,18.9,11.0,309,0,0
2024-03-11,Store_B,Chips,19.88,11.0,308,0,0
2024-03-11,Store_C,Chips,20.05,11.0,286,0,0
2024-03-11,Store_A,Water,7.88,4.0,655,0,0
2024-03-11,Store_B,Water,7.91,4.0,658,0,0
2024-03-11,Store_C,Water,8.12,4.0,711,0,0
2024-03-12,Store_A,Cola,12.28,7.0,513,0,0
2024-03-12,Store_B,Cola,11.97,7.0,509,0,0
2024-03-12,Store_C,Cola,12.05,7.0,473,0,0
2024-03-12,Store_A,Chips,19.19,11.0,319,0,0
2024-03-12,Store_B,Chips,19.26,11.0,332,0,0
2024-03-12,Store_C,Chips,18.6,11.0,498,1,0
2024-03-12,Store_A,Water,7.67,4.0,706,0,0
2024-03-12,Store_B,Water,7.91,4.0,627,0,0
2024-03-12,Store_C,Water,7.77,4.0,634,0,0
2024-03-13,Store_A,Cola,12.58,7.0,466,0,0
2024-03-13,Store_B,Cola,10.39,7.0,786,1,0
2024-03-13,Store_C,Cola,11.86,7.0,536,0,0
2024-03-13,Store_A,Chips,19.01,11.0,335,0,0
2024-03-13,Store_B,Chips,20.18,11.0,316,0,0
2024-03-13,Store_C,Chips,20.02,11.0,308,0,0
2024-03-13,Store_A,Water,8.06,4.0,677,0,0
2024-03-13,Store_B,Water,8.0,4.0,569,0,0
2024-03-13,Store_C,Water,7.42,4.0,713,0,0
2024-03-14,Store_A,Cola,12.12,7.0,446,0,0
2024-03-14,Store_B,Cola,12.46,7.0,444,0,0
2024-03-14,Store_C,Cola,11.92,7.0,492,0,0
2024-03-14,Store_A,Chips,20.67,11.0,253,0,0
2024-03-14,Store_B,Chips,20.94,11.0,288,0,0
2024-03-14,Store_C,Chips,20.21,11.0,285,0,0
2024-03-14,Store_A,Water,7.71,4.0,767,0,0
2024-03-14,Store_B,Water,8.05,4.0,584,0,0
2024-03-14,Store_C,Water,7.13,4.0,998,1,0
2024-03-15,Store_A,Cola,11.89,7.0,521,0,0
2024-03-15,Store_B,Cola,10.57,7.0,817,1,0
2024-03-15,Store_C,Cola,12.11,7.0,494,0,0
2024-03-15,Store_A,Chips,19.69,11.0,319,0,0
2024-03-15,Store_B,Chips,21.39,11.0,284,0,0
2024-03-15,Store_C,Chips,19.88,11.0,296,0,0
2024-03-15,Store_A,Water,8.33,4.0,608,0,0
2024-03-15,Store_B,Water,7.96,4.0,717,0,0
2024-03-15,Store_C,Water,8.14,4.0,645,0,0
2024-03-16,Store_A,Cola,11.71,7.0,624,0,0
2024-03-16,Store_B,Cola,11.28,7.0,647,0,0
2024-03-16,Store_C,Cola,12.85,7.0,560,0,0
2024-03-16,Store_A,Chips,18.34,11.0,489,1,0
2024-03-16,Store_B,Chips,20.16,11.0,305,0,0
2024-03-16,Store_C,Chips,17.93,11.0,502,1,0
2024-03-16,Store_A,Water,7.14,4.0,1043,1,0
2024-03-16,Store_B,Water,7.76,4.0,769,0,0
2024-03-16,Store_C,Water,7.8,4.0,739,0,0
2024-03-17,Store_A,Cola,11.85,7.0,530,0,0
2024-03-17,Store_B,Cola,12.09,7.0,533,0,0
2024-03-17,Store_C,Cola,12.2,7.0,506,0,0
2024-03-17,Store_A,Chips,17.94,11.0,492,1,0
2024-03-17,Store_B,Chips,19.84,11.0,347,0,0
2024-03-17,Store_C,Chips,19.16,11.0,362,0,0
2024-03-17,Store_A,Water,7.76,4.0,770,0,0
2024-03-17,Store_B,Water,7.51,4.0,1113,1,0
2024-03-17,Store_C,Water,7.86,4.0,679,0,0
2024-03-18,Store_A,Cola,10.87,7.0,808,1,0
2024-03-18,Store_B,Cola,12.07,7.0,532,0,0
2024-03-18,Store_C,Cola,12.34,7.0,523,0,0
2024-03-18,Store_A,Chips,20.07,11.0,286,0,0
2024-03-18,Store_B,Chips,20.2,11.0,302,0,0
2024-03-18,Store_C,Chips,20.3,11.0,273,0,0
2024-03-18,Store_A,Water,8.31,4.0,611,0,0
2024-03-18,Store_B,Water,8.1,4.0,576,0,0
2024-03-18,Store_C,Water,7.87,4.0,686,0,0
2024-03-19,Store_A,Cola,13.39,7.0,448,0,0
2024-03-19,Store_B,Cola,11.25,7.0,512,0,0
2024-03-19,Store_C,Cola,11.84,7.0,503,0,0
2024-03-19,Store_A,Chips,20.43,11.0,299,0,0
2024-03-19,Store_B,Chips,18.37,11.0,484,1,0
2024-03-19,Store_C,Chips,19.42,11.0,355,0,0
2024-03-19,Store_A,Water,7.81,4.0,687,0,0
2024-03-19,Store_B,Water,8.12,4.0,639,0,0
2024-03-19,Store_C,Water,7.83,4.0,681,0,0
2024-03-20,Store_A,Cola,11.51,7.0,498,0,0
2024-03-20,Store_B,Cola,12.48,7.0,442,0,0
2024-03-20,Store_C,Cola,11.68,7.0,524,0,0
2024-03-20,Store_A,Chips,21.5,11.0,258,0,0
2024-03-20,Store_B,Chips,20.24,11.0,263,0,0
2024-03-20,Store_C,Chips,19.83,11.0,284,0,0
2024-03-20,Store_A,Water,7.68,4.0,674,0,0
2024-03-20,Store_B,Water,8.25,4.0,610,0,0
2024-03-20,Store_C,Water,8.48,4.0,600,0,0
2024-03-21,Store_A,Cola,10.46,7.0,760,1,0
2024-03-21,Store_B,Cola,10.75,7.0,804,1,0
2024-03-21,Store_C,Cola,12.05,7.0,467,0,0
2024-03-21,Store_A,Chips,17.81,11.0,449,1,0
2024-03-21,Store_B,Chips,19.5,11.0,290,0,0
2024-03-21,Store_C,Chips,19.74,11.0,314,0,0
2024-03-21,Store_A,Water,8.01,4.0,722,0,0
2024-03-21,Store_B,Water,8.22,4.0,682,0,0
2024-03-21,Store_C,Water,8.42,4.0,595,0,0
2024-03-22,Store_A,Cola,12.01,7.0,494,0,0
2024-03-22,Store_B,Cola,11.75,7.0,539,0,0
2024-03-22,Store_C,Cola,12.33,7.0,512,0,0
2024-03-22,Store_A,Chips,19.5,11.0,314,0,0
2024-03-22,Store_B,Chips,19.71,11.0,326,0,0
2024-03-22,Store_C,Chips,20.35,11.0,310,0,0
2024-03-22,Store_A,Water,7.99,4.0,691,0,0
2024-03-22,Store_B,Water,8.13,4.0,695,0,0
2024-03-22,Store_C,Water,7.77,4.0,635,0,0
2024-03-23,Store_A,Cola,11.96,7.0,538,0,0
2024-03-23,Store_B,Cola,11.99,7.0,539,0,0
2024-03-23,Store_C,Cola,11.8,7.0,539,0,0
2024-03-23,Store_A,Chips,17.41,11.0,526,1,0
2024-03-23,Store_B,Chips,20.82,11.0,302,0,0
2024-03-23,Store_C,Chips,17.58,11.0,541,1,0
2024-03-23,Store_A,Water,7.5,4.0,847,0,0
2024-03-23,Store_B,Water,7.68,4.0,711,0,0
2024-03-23,Store_C,Water,8.03,4.0,757,0,0
2024-03-24,Store_A,Cola,11.84,7.0,603,0,0
2024-03-24,Store_B,Cola,11.92,7.0,584,0,0
2024-03-24,Store_C,Cola,10.62,7.0,989,1,0
2024-03-24,Store_A,Chips,20.59,11.0,342,0,0
2024-03-24,Store_B,Chips,19.57,11.0,333,0,0
2024-03-24,Store_C,Chips,19.24,11.0,369,0,0
2024-03-24,Store_A,Water,7.06,4.0,1157,1,0
2024-03-24,Store_B,Water,8.28,4.0,708,0,0
2024-03-24,Store_C,Water,8.11,4.0,720,0,0
2024-03-25,Store_A,Cola,11.99,7.0,506,0,0
2024-03-25,Store_B,Cola,11.82,7.0,533,0,0
2024-03-25,Store_C,Cola,12.37,7.0,401,0,0
2024-03-25,Store_A,Chips,19.34,11.0,363,0,0
2024-03-25,Store_B,Chips,18.52,11.0,493,1,0
2024-03-25,Store_C,Chips,21.18,11.0,273,0,0
2024-03-25,Store_A,Water,8.13,4.0,592,0,0
2024-03-25,Store_B,Water,7.82,4.0,656,0,0
2024-03-25,Store_C,Water,7.01,4.0,1129,1,0
2024-03-26,Store_A,Cola,11.99,7.0,477,0,0
2024-03-26,Store_B,Cola,11.83,7.0,539,0,0
2024-03-26,Store_C,Cola,11.99,7.0,526,0,0
2024-03-26,Store_A,Chips,19.54,11.0,320,0,0
2024-03-26,Store_B,Chips,20.52,11.0,293,0,0
2024-03-26,Store_C,Chips,18.14,11.0,463,1,0
2024-03-26,Store_A,Water,8.26,4.0,595,0,0
2024-03-26,Store_B,Water,7.56,4.0,753,0,0
2024-03-26,Store_C,Water,7.93,4.0,580,0,0
2024-03-27,Store_A,Cola,11.86,7.0,485,0,0
2024-03-27,Store_B,Cola,12.0,7.0,449,0,0
2024-03-27,Store_C,Cola,12.07,7.0,506,0,0
2024-03-27,Store_A,Chips,20.21,11.0,306,0,0
2024-03-27,Store_B,Chips,20.39,11.0,311,0,0
2024-03-27,Store_C,Chips,20.21,11.0,312,0,0
2024-03-27,Store_A,Water,7.81,4.0,745,0,0
2024-03-27,Store_B,Water,8.06,4.0,629,0,0
2024-03-27,Store_C,Water,7.36,4.0,742,0,0
2024-03-28,Store_A,Cola,12.07,7.0,513,0,0
2024-03-28,Store_B,Cola,11.8,7.0,474,0,0
2024-03-28,Store_C,Cola,11.94,7.0,459,0,0
2024-03-28,Store_A,Chips,19.58,11.0,277,0,0
2024-03-28,Store_B,Chips,20.19,11.0,276,0,0
2024-03-28,Store_C,Chips,17.72,11.0,447,1,0
2024-03-28,Store_A,Water,8.11,4.0,661,0,0
2024-03-28,Store_B,Water,8.01,4.0,683,0,0
2024-03-28,Store_C,Water,6.97,4.0,1113,1,0
2024-03-29,Store_A,Cola,11.98,7.0,486,0,0
2024-03-29,Store_B,Cola,11.96,7.0,528,0,0
2024-03-29,Store_C,Cola,12.0,7.0,521,0,0
2024-03-29,Store_A,Chips,20.04,11.0,295,0,0
2024-03-29,Store_B,Chips,20.26,11.0,287,0,0
2024-03-29,Store_C,Chips,17.76,11.0,459,1,0
2024-03-29,Store_A,Water,7.81,4.0,735,0,0
2024-03-29,Store_B,Water,8.18,4.0,601,0,0
2024-03-29,Store_C,Water,8.04,4.0,652,0,0
2024-03-30,Store_A,Cola,11.86,7.0,492,0,0
2024-03-30,Store_B,Cola,11.75,7.0,529,0,0
2024-03-30,Store_C,Cola,12.5,7.0,545,0,0
2024-03-30,Store_A,Chips,21.27,11.0,330,0,0
2024-03-30,Store_B,Chips,20.07,11.0,361,0,0
2024-03-30,Store_C,Chips,19.75,11.0,348,0,0
2024-03-30,Store_A,Water,7.85,4.0,735,0,0
2024-03-30,Store_B,Water,8.0,4.0,818,0,0
2024-03-30,Store_C,Water,8.16,4.0,729,0,0
2024-03-31,Store_A,Cola,11.96,7.0,568,0,0
2024-03-31,Store_B,Cola,12.46,7.0,523,0,0
2024-03-31,Store_C,Cola,12.03,7.0,546,0,0
2024-03-31,Store_A,Chips,18.57,11.0,393,0,0
2024-03-31,Store_B,Chips,19.38,11.0,374,0,0
2024-03-31,Store_C,Chips,18.47,11.0,406,0,0
2024-03-31,Store_A,Water,7.93,4.0,738,0,0
2024-03-31,Store_B,Water,7.89,4.0,838,0,0
2024-03-31,Store_C,Water,7.79,4.0,722,0,0
2024-04-01,Store_A,Cola,11.95,7.0,504,0,0
2024-04-01,Store_B,Cola,12.31,7.0,493,0,0
2024-04-01,Store_C,Cola,11.37,7.0,567,0,0
2024-04-01,Store_A,Chips,19.62,11.0,310,0,0
2024-04-01,Store_B,Chips,19.38,11.0,332,0,0
2024-04-01,Store_C,Chips,19.83,11.0,298,0,0
2024-04-01,Store_A,Water,7.33,4.0,995,1,0
2024-04-01,Store_B,Water,7.15,4.0,939,1,0
2024-04-01,Store_C,Water,7.31,4.0,1022,1,0
2024-04-02,Store_A,Cola,11.6,7.0,565,0,0
2024-04-02,Store_B,Cola,11.96,7.0,506,0,0
2024-04-02,Store_C,Cola,12.25,7.0,471,0,0
2024-04-02,Store_A,Chips,19.92,11.0,297,0,0
2024-04-02,Store_B,Chips,20.01,11.0,329,0,0
2024-04-02,Store_C,Chips,18.19,11.0,456,1,0
2024-04-02,Store_A,Water,7.86,4.0,704,0,0
2024-04-02,Store_B,Water,7.71,4.0,718,0,0
2024-04-02,Store_C,Water,7.23,4.0,1050,1,0
2024-04-03,Store_A,Cola,12.12,7.0,570,0,0
2024-04-03,Store_B,Cola,11.24,7.0,500,0,0
2024-04-03,Store_C,Cola,12.07,7.0,550,0,0
2024-04-03,Store_A,Chips,19.4,11.0,324,0,0
2024-04-03,Store_B,Chips,19.99,11.0,328,0,0
2024-04-03,Store_C,Chips,20.5,11.0,305,0,0
2024-04-03,Store_A,Water,8.7,4.0,595,0,0
2024-04-03,Store_B,Water,7.95,4.0,614,0,0
2024-04-03,Store_C,Water,7.24,4.0,885,1,0
2024-04-04,Store_A,Cola,12.16,7.0,495,0,0
2024-04-04,Store_B,Cola,11.83,7.0,472,0,0
2024-04-04,Store_C,Cola,12.06,7.0,525,0,0
2024-04-04,Store_A,Chips,19.52,11.0,298,0,0
2024-04-04,Store_B,Chips,18.33,11.0,341,0,0
2024-04-04,Store_C,Chips,19.18,11.0,300,0,0
2024-04-04,Store_A,Water,7.11,4.0,1106,1,0
2024-04-04,Store_B,Water,8.19,4.0,616,0,0
2024-04-04,Store_C,Water,7.93,4.0,689,0,0
2024-04-05,Store_A,Cola,11.65,7.0,529,0,0
2024-04-05,Store_B,Cola,10.78,7.0,765,1,0
2024-04-05,Store_C,Cola,11.83,7.0,548,0,0
2024-04-05,Store_A,Chips,18.34,11.0,326,0,0
2024-04-05,Store_B,Chips,20.62,11.0,263,0,0
2024-04-05,Store_C,Chips,21.56,11.0,268,0,0
2024-04-05,Store_A,Water,7.77,4.0,631,0,0
2024-04-05,Store_B,Water,8.19,4.0,679,0,0
2024-04-05,Store_C,Water,7.98,4.0,625,0,0
2024-04-06,Store_A,Cola,12.12,7.0,539,0,0
2024-04-06,Store_B,Cola,12.32,7.0,551,0,0
2024-04-06,Store_C,Cola,11.91,7.0,619,0,0
2024-04-06,Store_A,Chips,19.91,11.0,323,0,0
2024-04-06,Store_B,Chips,19.66,11.0,307,0,0
2024-04-06,Store_C,Chips,19.97,11.0,332,0,0
2024-04-06,Store_A,Water,7.34,4.0,1077,1,0
2024-04-06,Store_B,Water,8.02,4.0,718,0,0
2024-04-06,Store_C,Water,7.2,4.0,1150,1,0
2024-04-07,Store_A,Cola,11.21,7.0,577,0,0
2024-04-07,Store_B,Cola,11.75,7.0,584,0,0
2024-04-07,Store_C,Cola,13.03,7.0,499,0,0
2024-04-07,Store_A,Chips,20.03,11.0,323,0,0
2024-04-07,Store_B,Chips,17.61,11.0,538,1,0
2024-04-07,Store_C,Chips,17.61,11.0,538,1,0
2024-04-07,Store_A,Water,7.86,4.0,744,0,0
2024-04-07,Store_B,Water,7.42,4.0,828,0,0
2024-04-07,Store_C,Water,8.04,4.0,742,0,0
2024-04-08,Store_A,Cola,12.1,7.0,503,0,0
2024-04-08,Store_B,Cola,12.05,7.0,485,0,0
2024-04-08,Store_C,Cola,12.99,7.0,505,0,0
2024-04-08,Store_A,Chips,18.14,11.0,457,1,0
2024-04-08,Store_B,Chips,20.03,11.0,295,0,0
2024-04-08,Store_C,Chips,20.27,11.0,281,0,0
2024-04-08,Store_A,Water,8.18,4.0,629,0,0
2024-04-08,Store_B,Water,7.07,4.0,1081,1,0
2024-04-08,Store_C,Water,8.01,4.0,685,0,0
2024-04-09,Store_A,Cola,11.64,7.0,559,0,0
2024-04-09,Store_B,Cola,11.6,7.0,575,0,0
2024-04-09,Store_C,Cola,11.87,7.0,452,0,0
2024-04-09,Store_A,Chips,19.93,11.0,318,0,0
2024-04-09,Store_B,Chips,19.85,11.0,309,0,0
2024-04-09,Store_C,Chips,18.13,11.0,470,1,0
2024-04-09,Store_A,Water,8.65,4.0,543,0,0
2024-04-09,Store_B,Water,7.93,4.0,735,0,0
2024-04-09,Store_C,Water,8.11,4.0,594,0,0
2024-04-10,Store_A,Cola,12.39,7.0,451,0,0
2024-04-10,Store_B,Cola,12.98,7.0,438,0,0
2024-04-10,Store_C,Cola,11.95,7.0,536,0,0
2024-04-10,Store_A,Chips,17.86,11.0,461,1,0
2024-04-10,Store_B,Chips,19.14,11.0,301,0,0
2024-04-10,Store_C,Chips,19.46,11.0,311,0,0
2024-04-10,Store_A,Water,7.92,4.0,646,0,0
2024-04-10,Store_B,Water,7.25,4.0,958,1,0
2024-04-10,Store_C,Water,8.21,4.0,640,0,0
2024-04-11,Store_A,Cola,12.1,7.0,526,0,0
2024-04-11,Store_B,Cola,12.12,7.0,546,0,0
2024-04-11,Store_C,Cola,11.86,7.0,495,0,0
2024-04-11,Store_A,Chips,19.96,11.0,274,0,0
2024-04-11,Store_B,Chips,20.31,11.0,307,0,0
2024-04-11,Store_C,Chips,18.8,11.0,334,0,0
2024-04-11,Store_A,Water,7.08,4.0,1004,1,0
2024-04-11,Store_B,Water,7.71,4.0,702,0,0
2024-04-11,Store_C,Water,8.06,4.0,618,0,0
2024-04-12,Store_A,Cola,12.75,7.0,468,0,0
2024-04-12,Store_B,Cola,12.01,7.0,490,0,0
2024-04-12,Store_C,Cola,12.51,7.0,461,0,0
2024-04-12,Store_A,Chips,17.67,11.0,477,1,0
2024-04-12,Store_B,Chips,20.12,11.0,308,0,0
2024-04-12,Store_C,Chips,17.87,11.0,446,1,0
2024-04-12,Store_A,Water,7.95,4.0,732,0,0
2024-04-12,Store_B,Water,7.98,4.0,606,0,0
2024-04-12,Store_C,Water,7.84,4.0,682,0,0
2024-04-13,Store_A,Cola,11.62,7.0,551,0,0
2024-04-13,Store_B,Cola,12.15,7.0,573,0,0
2024-04-13,Store_C,Cola,11.42,7.0,603,0,0
2024-04-13,Store_A,Chips,20.26,11.0,334,0,0
2024-04-13,Store_B,Chips,18.9,11.0,367,0,0
2024-04-13,Store_C,Chips,20.71,11.0,333,0,0
2024-04-13,Store_A,Water,7.84,4.0,721,0,0
2024-04-13,Store_B,Water,7.41,4.0,794,0,0
2024-04-13,Store_C,Water,7.23,4.0,1231,1,0
2024-04-14,Store_A,Cola,11.01,7.0,836,1,0
2024-04-14,Store_B,Cola,12.34,7.0,549,0,0
2024-04-14,Store_C,Cola,12.0,7.0,553,0,0
2024-04-14,Store_A,Chips,20.18,11.0,341,0,0
2024-04-14,Store_B,Chips,19.9,11.0,319,0,0
2024-04-14,Store_C,Chips,19.91,11.0,386,0,0
2024-04-14,Store_A,Water,8.0,4.0,784,0,0
2024-04-14,Store_B,Water,8.02,4.0,709,0,0
2024-04-14,Store_C,Water,7.91,4.0,717,0,0
2024-04-15,Store_A,Cola,12.19,7.0,493,0,0
2024-04-15,Store_B,Cola,10.91,7.0,756,1,0
2024-04-15,Store_C,Cola,11.27,7.0,522,0,0
2024-04-15,Store_A,Chips,20.02,11.0,301,0,0
2024-04-15,Store_B,Chips,17.78,11.0,452,1,0
2024-04-15,Store_C,Chips,19.86,11.0,272,0,0
2024-04-15,Store_A,Water,7.9,4.0,667,0,0
2024-04-15,Store_B,Water,8.15,4.0,676,0,0
2024-04-15,Store_C,Water,8.58,4.0,582,0,0
2024-04-16,Store_A,Cola,11.7,7.0,542,0,0
2024-04-16,Store_B,Cola,10.9,7.0,741,1,0
2024-04-16,Store_C,Cola,12.23,7.0,519,0,0
2024-04-16,Store_A,Chips,20.25,11.0,246,0,0
2024-04-16,Store_B,Chips,21.04,11.0,274,0,0
2024-04-16,Store_C,Chips,17.81,11.0,495,1,0
2024-04-16,Store_A,Water,7.86,4.0,724,0,0
2024-04-16,Store_B,Water,8.01,4.0,614,0,0
2024-04-16,Store_C,Water,7.77,4.0,740,0,0
2024-04-17,Store_A,Cola,11.91,7.0,457,0,0
2024-04-17,Store_B,Cola,12.5,7.0,521,0,0
2024-04-17,Store_C,Cola,11.88,7.0,498,0,0
2024-04-17,Store_A,Chips,18.98,11.0,326,0,0
2024-04-17,Store_B,Chips,20.3,11.0,285,0,0
2024-04-17,Store_C,Chips,20.75,11.0,253,0,0
2024-04-17,Store_A,Water,7.81,4.0,669,0,0
2024-04-17,Store_B,Water,8.46,4.0,570,0,0
2024-04-17,Store_C,Water,7.74,4.0,646,0,0
2024-04-18,Store_A,Cola,11.78,7.0,546,0,0
2024-04-18,Store_B,Cola,12.42,7.0,496,0,0
2024-04-18,Store_C,Cola,10.6,7.0,769,1,0
2024-04-18,Store_A,Chips,20.56,11.0,328,0,0
2024-04-18,Store_B,Chips,20.4,11.0,292,0,0
2024-04-18,Store_C,Chips,20.4,11.0,273,0,0
2024-04-18,Store_A,Water,8.18,4.0,591,0,0
2024-04-18,Store_B,Water,7.93,4.0,704,0,0
2024-04-18,Store_C,Water,7.92,4.0,567,0,0
2024-04-19,Store_A,Cola,11.73,7.0,533,0,0
2024-04-19,Store_B,Cola,12.0,7.0,479,0,0
2024-04-19,Store_C,Cola,12.18,7.0,518,0,0
2024-04-19,Store_A,Chips,20.22,11.0,286,0,0
2024-04-19,Store_B,Chips,19.85,11.0,283,0,0
2024-04-19,Store_C,Chips,19.63,11.0,313,0,0
2024-04-19,Store_A,Water,7.0,4.0,1167,1,0
2024-04-19,Store_B,Water,7.81,4.0,655,0,0
2024-04-19,Store_C,Water,7.14,4.0,959,1,0
2024-04-20,Store_A,Cola,10.85,7.0,889,1,0
2024-04-20,Store_B,Cola,12.05,7.0,465,0,0
2024-04-20,Store_C,Cola,12.23,7.0,535,0,0
2024-04-20,Store_A,Chips,20.27,11.0,320,0,0
2024-04-20,Store_B,Chips,19.21,11.0,344,0,0
2024-04-20,Store_C,Chips,19.72,11.0,350,0,0
2024-04-20,Store_A,Water,7.37,4.0,1171,1,0
2024-04-20,Store_B,Water,7.79,4.0,831,0,0
2024-04-20,Store_C,Water,7.95,4.0,644,0,0
2024-04-21,Store_A,Cola,12.03,7.0,559,0,0
2024-04-21,Store_B,Cola,11.62,7.0,624,0,0
2024-04-21,Store_C,Cola,12.41,7.0,563,0,0
2024-04-21,Store_A,Chips,20.06,11.0,345,0,0
2024-04-21,Store_B,Chips,20.67,11.0,296,0,0
2024-04-21,Store_C,Chips,20.41,11.0,312,0,0
2024-04-21,Store_A,Water,7.92,4.0,731,0,0
2024-04-21,Store_B,Water,8.14,4.0,691,0,0
2024-04-21,Store_C,Water,6.95,4.0,1194,1,0
2024-04-22,Store_A,Cola,12.29,7.0,503,0,0
2024-04-22,Store_B,Cola,10.67,7.0,788,1,0
2024-04-22,Store_C,Cola,12.22,7.0,458,0,0
2024-04-22,Store_A,Chips,19.33,11.0,288,0,0
2024-04-22,Store_B,Chips,17.93,11.0,478,1,0
2024-04-22,Store_C,Chips,19.8,11.0,328,0,0
2024-04-22,Store_A,Water,8.07,4.0,587,0,0
2024-04-22,Store_B,Water,8.1,4.0,624,0,0
2024-04-22,Store_C,Water,8.23,4.0,653,0,0
2024-04-23,Store_A,Cola,11.93,7.0,513,0,0
2024-04-23,Store_B,Cola,13.02,7.0,440,0,0
2024-04-23,Store_C,Cola,12.44,7.0,477,0,0
2024-04-23,Store_A,Chips,19.8,11.0,291,0,0
2024-04-23,Store_B,Chips,20.33,11.0,325,0,0
2024-04-23,Store_C,Chips,18.59,11.0,421,1,0
2024-04-23,Store_A,Water,8.1,4.0,649,0,0
2024-04-23,Store_B,Water,7.84,4.0,771,0,0
2024-04-23,Store_C,Water,7.43,4.0,700,0,0
2024-04-24,Store_A,Cola,11.94,7.0,520,0,0
2024-04-24,Store_B,Cola,12.31,7.0,454,0,0
2024-04-24,Store_C,Cola,11.73,7.0,502,0,0
2024-04-24,Store_A,Chips,20.35,11.0,280,0,0
2024-04-24,Store_B,Chips,19.81,11.0,300,0,0
2024-04-24,Store_C,Chips,20.46,11.0,265,0,0
2024-04-24,Store_A,Water,7.47,4.0,638,0,0
2024-04-24,Store_B,Water,8.04,4.0,619,0,0
2024-04-24,Store_C,Water,8.0,4.0,736,0,0
2024-04-25,Store_A,Cola,11.55,7.0,501,0,0
2024-04-25,Store_B,Cola,11.01,7.0,770,1,0
2024-04-25,Store_C,Cola,12.08,7.0,497,0,0
2024-04-25,Store_A,Chips,19.9,11.0,257,0,0
2024-04-25,Store_B,Chips,19.63,11.0,271,0,0
2024-04-25,Store_C,Chips,19.57,11.0,300,0,0
2024-04-25,Store_A,Water,7.38,4.0,981,1,0
2024-04-25,Store_B,Water,8.26,4.0,661,0,0
2024-04-25,Store_C,Water,7.0,4.0,1007,1,0
2024-04-26,Store_A,Cola,12.21,7.0,498,0,0
2024-04-26,Store_B,Cola,10.94,7.0,791,1,0
2024-04-26,Store_C,Cola,12.56,7.0,435,0,0
2024-04-26,Store_A,Chips,19.94,11.0,286,0,0
2024-04-26,Store_B,Chips,20.41,11.0,316,0,0
2024-04-26,Store_C,Chips,19.59,11.0,311,0,0
2024-04-26,Store_A,Water,7.98,4.0,681,0,0
2024-04-26,Store_B,Water,8.2,4.0,610,0,0
2024-04-26,Store_C,Water,7.18,4.0,931,1,0
2024-04-27,Store_A,Cola,11.95,7.0,581,0,0
2024-04-27,Store_B,Cola,11.65,7.0,585,0,0
2024-04-27,Store_C,Cola,10.7,7.0,882,1,0
2024-04-27,Store_A,Chips,17.41,11.0,499,1,0
2024-04-27,Store_B,Chips,20.14,11.0,350,0,0
2024-04-27,Store_C,Chips,18.18,11.0,517,1,0
2024-04-27,Store_A,Water,8.32,4.0,700,0,0
2024-04-27,Store_B,Water,7.98,4.0,758,0,0
2024-04-27,Store_C,Water,8.05,4.0,698,0,0
2024-04-28,Store_A,Cola,12.1,7.0,546,0,0
2024-04-28,Store_B,Cola,12.41,7.0,527,0,0
2024-04-28,Store_C,Cola,10.55,7.0,911,1,0
2024-04-28,Store_A,Chips,18.34,11.0,531,1,0
2024-04-28,Store_B,Chips,20.38,11.0,324,0,0
2024-04-28,Store_C,Chips,20.36,11.0,334,0,0
2024-04-28,Store_A,Water,7.78,4.0,863,0,0
2024-04-28,Store_B,Water,7.15,4.0,1091,1,0
2024-04-28,Store_C,Water,8.12,4.0,690,0,0
2024-04-29,Store_A,Cola,11.51,7.0,539,0,0
2024-04-29,Store_B,Cola,11.85,7.0,502,0,0
2024-04-29,Store_C,Cola,12.25,7.0,544,0,0
2024-04-29,Store_A,Chips,19.99,11.0,279,0,0
2024-04-29,Store_B,Chips,20.29,11.0,339,0,0
2024-04-29,Store_C,Chips,20.62,11.0,264,0,0
2024-04-29,Store_A,Water,7.9,4.0,689,0,0
2024-04-29,Store_B,Water,7.45,4.0,1057,1,0
2024-04-29,Store_C,Water,8.1,4.0,669,0,0
2024-04-30,Store_A,Cola,12.17,7.0,496,0,0
2024-04-30,Store_B,Cola,11.8,7.0,515,0,0
2024-04-30,Store_C,Cola,11.79,7.0,540,0,0
2024-04-30,Store_A,Chips,19.94,11.0,274,0,0
2024-04-30,Store_B,Chips,20.55,11.0,296,0,0
2024-04-30,Store_C,Chips,18.66,11.0,455,1,0
2024-04-30,Store_A,Water,7.73,4.0,672,0,0
2024-04-30,Store_B,Water,7.2,4.0,1038,1,0
2024-04-30,Store_C,Water,6.93,4.0,1075,1,0
2024-05-01,Store_A,Cola,11.9,7.0,519,0,0
2024-05-01,Store_B,Cola,12.24,7.0,474,0,0
2024-05-01,Store_C,Cola,10.49,7.0,829,1,0
2024-05-01,Store_A,Chips,17.8,11.0,508,1,0
2024-05-01,Store_B,Chips,20.42,11.0,282,0,0
2024-05-01,Store_C,Chips,18.97,11.0,337,0,0
2024-05-01,Store_A,Water,7.8,4.0,758,0,0
2024-05-01,Store_B,Water,7.82,4.0,690,0,0
2024-05-01,Store_C,Water,8.14,4.0,680,0,0
2024-05-02,Store_A,Cola,12.06,7.0,529,0,0
2024-05-02,Store_B,Cola,11.65,7.0,533,0,0
2024-05-02,Store_C,Cola,12.06,7.0,568,0,0
2024-05-02,Store_A,Chips,19.77,11.0,305,0,0
2024-05-02,Store_B,Chips,19.63,11.0,298,0,0
2024-05-02,Store_C,Chips,19.82,11.0,311,0,0
2024-05-02,Store_A,Water,7.15,4.0,1090,1,0
2024-05-02,Store_B,Water,7.29,4.0,1031,1,0
2024-05-02,Store_C,Water,6.98,4.0,1124,1,0
2024-05-03,Store_A,Cola,10.94,7.0,512,0,0
2024-05-03,Store_B,Cola,12.25,7.0,502,0,0
2024-05-03,Store_C,Cola,12.18,7.0,480,0,0
2024-05-03,Store_A,Chips,18.17,11.0,335,0,0
2024-05-03,Store_B,Chips,19.94,11.0,290,0,0
2024-05-03,Store_C,Chips,18.9,11.0,304,0,0
2024-05-03,Store_A,Water,7.12,4.0,911,1,0
2024-05-03,Store_B,Water,8.11,4.0,564,0,0
2024-05-03,Store_C,Water,8.27,4.0,647,0,0
2024-05-04,Store_A,Cola,11.07,7.0,585,0,0
2024-05-04,Store_B,Cola,11.72,7.0,545,0,0
2024-05-04,Store_C,Cola,12.21,7.0,523,0,0
2024-05-04,Store_A,Chips,17.82,11.0,534,1,0
2024-05-04,Store_B,Chips,19.69,11.0,331,0,0
2024-05-04,Store_C,Chips,18.48,11.0,486,1,0
2024-05-04,Store_A,Water,8.06,4.0,742,0,0
2024-05-04,Store_B,Water,8.2,4.0,739,0,0
2024-05-04,Store_C,Water,8.01,4.0,757,0,0
2024-05-05,Store_A,Cola,11.88,7.0,506,0,0
2024-05-05,Store_B,Cola,12.11,7.0,517,0,0
2024-05-05,Store_C,Cola,11.15,7.0,645,0,0
2024-05-05,Store_A,Chips,19.54,11.0,348,0,0
2024-05-05,Store_B,Chips,17.81,11.0,516,1,0
2024-05-05,Store_C,Chips,19.91,11.0,354,0,0
2024-05-05,Store_A,Water,8.12,4.0,708,0,0
2024-05-05,Store_B,Water,7.93,4.0,752,0,0
2024-05-05,Store_C,Water,7.93,4.0,678,0,0
2024-05-06,Store_A,Cola,10.76,7.0,836,1,0
2024-05-06,Store_B,Cola,12.17,7.0,474,0,0
2024-05-06,Store_C,Cola,11.16,7.0,811,1,0
2024-05-06,Store_A,Chips,19.59,11.0,318,0,0
2024-05-06,Store_B,Chips,18.06,11.0,451,1,0
2024-05-06,Store_C,Chips,19.1,11.0,346,0,0
2024-05-06,Store_A,Water,7.84,4.0,603,0,0
2024-05-06,Store_B,Water,8.06,4.0,618,0,0
2024-05-06,Store_C,Water,7.77,4.0,618,0,0
2024-05-07,Store_A,Cola,12.25,7.0,520,0,0
2024-05-07,Store_B,Cola,11.98,7.0,481,0,0
2024-05-07,Store_C,Cola,11.99,7.0,528,0,0
2024-05-07,Store_A,Chips,20.11,11.0,295,0,0
2024-05-07,Store_B,Chips,20.14,11.0,299,0,0
2024-05-07,Store_C,Chips,18.61,11.0,313,0,0
2024-05-07,Store_A,Water,6.91,4.0,1022,1,0
2024-05-07,Store_B,Water,7.05,4.0,1035,1,0
2024-05-07,Store_C,Water,8.12,4.0,679,0,0
2024-05-08,Store_A,Cola,12.25,7.0,470,0,0
2024-05-08,Store_B,Cola,11.12,7.0,783,1,0
2024-05-08,Store_C,Cola,10.95,7.0,805,1,0
2024-05-08,Store_A,Chips,19.51,11.0,311,0,0
2024-05-08,Store_B,Chips,18.47,11.0,465,1,0
2024-05-08,Store_C,Chips,19.49,11.0,310,0,0
2024-05-08,Store_A,Water,7.3,4.0,721,0,0
2024-05-08,Store_B,Water,8.18,4.0,579,0,0
2024-05-08,Store_C,Water,7.1,4.0,1045,1,0
2024-05-09,Store_A,Cola,11.85,7.0,512,0,0
2024-05-09,Store_B,Cola,10.48,7.0,840,1,0
2024-05-09,Store_C,Cola,11.78,7.0,511,0,0
2024-05-09,Store_A,Chips,20.3,11.0,261,0,0
2024-05-09,Store_B,Chips,20.13,11.0,303,0,0
2024-05-09,Store_C,Chips,20.57,11.0,285,0,0
2024-05-09,Store_A,Water,7.9,4.0,706,0,0
2024-05-09,Store_B,Water,8.44,4.0,588,0,0
2024-05-09,Store_C,Water,8.3,4.0,637,0,0
2024-05-10,Store_A,Cola,11.32,7.0,528,0,0
2024-05-10,Store_B,Cola,11.87,7.0,507,0,0
2024-05-10,Store_C,Cola,11.63,7.0,495,0,0
2024-05-10,Store_A,Chips,17.84,11.0,445,1,0
2024-05-10,Store_B,Chips,20.94,11.0,292,0,0
2024-05-10,Store_C,Chips,19.97,11.0,278,0,0
2024-05-10,Store_A,Water,8.0,4.0,644,0,0
2024-05-10,Store_B,Water,8.08,4.0,585,0,0
2024-05-10,Store_C,Water,7.88,4.0,671,0,0
2024-05-11,Store_A,Cola,12.03,7.0,556,0,0
2024-05-11,Store_B,Cola,11.47,7.0,561,0,0
2024-05-11,Store_C,Cola,11.89,7.0,585,0,0
2024-05-11,Store_A,Chips,19.95,11.0,375,0,0
2024-05-11,Store_B,Chips,21.02,11.0,285,0,0
2024-05-11,Store_C,Chips,21.38,11.0,291,0,0
2024-05-11,Store_A,Water,7.33,4.0,802,0,0
2024-05-11,Store_B,Water,7.97,4.0,809,0,0
2024-05-11,Store_C,Water,7.63,4.0,819,0,0
2024-05-12,Store_A,Cola,12.07,7.0,559,0,0
2024-05-12,Store_B,Cola,11.9,7.0,559,0,0
2024-05-12,Store_C,Cola,12.22,7.0,524,0,0
2024-05-12,Store_A,Chips,20.36,11.0,328,0,0
2024-05-12,Store_B,Chips,19.73,11.0,331,0,0
2024-05-12,Store_C,Chips,17.69,11.0,569,1,0
2024-05-12,Store_A,Water,8.05,4.0,631,0,0
2024-05-12,Store_B,Water,8.1,4.0,679,0,0
2024-05-12,Store_C,Water,7.92,4.0,768,0,0
2024-05-13,Store_A,Cola,11.53,7.0,528,0,0
2024-05-13,Store_B,Cola,11.92,7.0,527,0,0
2024-05-13,Store_C,Cola,11.59,7.0,563,0,0
2024-05-13,Store_A,Chips,20.05,11.0,339,0,0
2024-05-13,Store_B,Chips,19.24,11.0,304,0,0
2024-05-13,Store_C,Chips,20.12,11.0,283,0,0
2024-05-13,Store_A,Water,7.92,4.0,666,0,0
2024-05-13,Store_B,Water,8.09,4.0,626,0,0
2024-05-13,Store_C,Water,7.63,4.0,652,0,0
2024-05-14,Store_A,Cola,11.91,7.0,489,0,0
2024-05-14,Store_B,Cola,11.72,7.0,458,0,0
2024-05-14,Store_C,Cola,11.86,7.0,473,0,0
2024-05-14,Store_A,Chips,17.83,11.0,480,1,0
2024-05-14,Store_B,Chips,20.14,11.0,306,0,0
2024-05-14,Store_C,Chips,19.91,11.0,314,0,0
2024-05-14,Store_A,Water,8.0,4.0,628,0,0
2024-05-14,Store_B,Water,7.33,4.0,989,1,0
2024-05-14,Store_C,Water,7.95,4.0,721,0,0
2024-05-15,Store_A,Cola,12.32,7.0,496,0,0
2024-05-15,Store_B,Cola,10.96,7.0,717,1,0
2024-05-15,Store_C,Cola,11.87,7.0,472,0,0
2024-05-15,Store_A,Chips,17.62,11.0,483,1,0
2024-05-15,Store_B,Chips,18.25,11.0,446,1,0
2024-05-15,Store_C,Chips,20.88,11.0,307,0,0
2024-05-15,Store_A,Water,8.14,4.0,588,0,0
2024-05-15,Store_B,Water,8.52,4.0,615,0,0
2024-05-15,Store_C,Water,7.24,4.0,941,1,0
2024-05-16,Store_A,Cola,12.97,7.0,466,0,0
2024-05-16,Store_B,Cola,10.57,7.0,855,1,0
2024-05-16,Store_C,Cola,12.08,7.0,458,0,0
2024-05-16,Store_A,Chips,19.75,11.0,294,0,0
2024-05-16,Store_B,Chips,21.17,11.0,286,0,0
2024-05-16,Store_C,Chips,19.76,11.0,310,0,0
2024-05-16,Store_A,Water,8.23,4.0,672,0,0
2024-05-16,Store_B,Water,8.21,4.0,692,0,0
2024-05-16,Store_C,Water,8.03,4.0,692,0,0
2024-05-17,Store_A,Cola,11.92,7.0,575,0,0
2024-05-17,Store_B,Cola,10.76,7.0,768,1,0
2024-05-17,Store_C,Cola,11.73,7.0,521,0,0
2024-05-17,Store_A,Chips,20.44,11.0,266,0,0
2024-05-17,Store_B,Chips,20.19,11.0,309,0,0
2024-05-17,Store_C,Chips,21.32,11.0,240,0,0
2024-05-17,Store_A,Water,8.5,4.0,630,0,0
2024-05-17,Store_B,Water,7.52,4.0,731,0,0
2024-05-17,Store_C,Water,7.09,4.0,949,1,0
2024-05-18,Store_A,Cola,12.1,7.0,513,0,0
2024-05-18,Store_B,Cola,10.67,7.0,918,1,0
2024-05-18,Store_C,Cola,11.47,7.0,549,0,0
2024-05-18,Store_A,Chips,18.54,11.0,355,0,0
2024-05-18,Store_B,Chips,20.75,11.0,328,0,0
2024-05-18,Store_C,Chips,20.3,11.0,316,0,0
2024-05-18,Store_A,Water,7.78,4.0,710,0,0
2024-05-18,Store_B,Water,8.15,4.0,719,0,0
2024-05-18,Store_C,Water,8.07,4.0,769,0,0
2024-05-19,Store_A,Cola,10.74,7.0,867,1,0
2024-05-19,Store_B,Cola,11.0,7.0,804,1,0
2024-05-19,Store_C,Cola,12.59,7.0,529,0,0
2024-05-19,Store_A,Chips,20.4,11.0,334,0,0
2024-05-19,Store_B,Chips,19.79,11.0,341,0,0
2024-05-19,Store_C,Chips,20.51,11.0,316,0,0
2024-05-19,Store_A,Water,8.6,4.0,678,0,0
2024-05-19,Store_B,Water,7.47,4.0,831,0,0
2024-05-19,Store_C,Water,7.67,4.0,761,0,0
2024-05-20,Store_A,Cola,11.94,7.0,566,0,0
2024-05-20,Store_B,Cola,12.34,7.0,514,0,0
2024-05-20,Store_C,Cola,10.88,7.0,783,1,0
2024-05-20,Store_A,Chips,20.28,11.0,296,0,0
2024-05-20,Store_B,Chips,17.87,11.0,404,1,0
2024-05-20,Store_C,Chips,20.14,11.0,297,0,0
2024-05-20,Store_A,Water,7.41,4.0,936,1,0
2024-05-20,Store_B,Water,7.8,4.0,729,0,0
2024-05-20,Store_C,Water,8.07,4.0,627,0,0
2024-05-21,Store_A,Cola,10.77,7.0,762,1,0
2024-05-21,Store_B,Cola,12.55,7.0,438,0,0
2024-05-21,Store_C,Cola,12.13,7.0,491,0,0
2024-05-21,Store_A,Chips,19.31,11.0,308,0,0
2024-05-21,Store_B,Chips,20.05,11.0,286,0,0
2024-05-21,Store_C,Chips,20.29,11.0,314,0,0
2024-05-21,Store_A,Water,7.34,4.0,1035,1,0
2024-05-21,Store_B,Water,7.96,4.0,664,0,0
2024-05-21,Store_C,Water,7.77,4.0,677,0,0
2024-05-22,Store_A,Cola,12.27,7.0,521,0,0
2024-05-22,Store_B,Cola,13.04,7.0,457,0,0
2024-05-22,Store_C,Cola,11.96,7.0,490,0,0
2024-05-22,Store_A,Chips,20.43,11.0,304,0,0
2024-05-22,Store_B,Chips,19.68,11.0,303,0,0
2024-05-22,Store_C,Chips,17.85,11.0,558,1,0
2024-05-22,Store_A,Water,7.77,4.0,707,0,0
2024-05-22,Store_B,Water,8.07,4.0,674,0,0
2024-05-22,Store_C,Water,8.07,4.0,674,0,0
2024-05-23,Store_A,Cola,11.79,7.0,488,0,0
2024-05-23,Store_B,Cola,12.22,7.0,505,0,0
2024-05-23,Store_C,Cola,10.8,7.0,864,1,0
2024-05-23,Store_A,Chips,20.63,11.0,293,0,0
2024-05-23,Store_B,Chips,20.84,11.0,281,0,0
2024-05-23,Store_C,Chips,19.89,11.0,318,0,0
2024-05-23,Store_A,Water,7.22,4.0,1031,1,0
2024-05-23,Store_B,Water,7.93,4.0,659,0,0
2024-05-23,Store_C,Water,8.21,4.0,617,0,0
2024-05-24,Store_A,Cola,12.01,7.0,500,0,0
2024-05-24,Store_B,Cola,12.83,7.0,436,0,0
2024-05-24,Store_C,Cola,12.33,7.0,510,0,0
2024-05-24,Store_A,Chips,19.14,11.0,299,0,0
2024-05-24,Store_B,Chips,19.82,11.0,291,0,0
2024-05-24,Store_C,Chips,19.66,11.0,336,0,0
2024-05-24,Store_A,Water,8.0,4.0,710,0,0
2024-05-24,Store_B,Water,7.11,4.0,988,1,0
2024-05-24,Store_C,Water,7.99,4.0,721,0,0
2024-05-25,Store_A,Cola,12.2,7.0,535,0,0
2024-05-25,Store_B,Cola,11.34,7.0,648,0,0
2024-05-25,Store_C,Cola,12.12,7.0,532,0,0
2024-05-25,Store_A,Chips,20.03,11.0,347,0,0
2024-05-25,Store_B,Chips,20.36,11.0,323,0,0
2024-05-25,Store_C,Chips,21.04,11.0,320,0,0
2024-05-25,Store_A,Water,7.92,4.0,770,0,0
2024-05-25,Store_B,Water,8.24,4.0,713,0,0
2024-05-25,Store_C,Water,7.22,4.0,1205,1,0
2024-05-26,Store_A,Cola,11.04,7.0,881,1,0
2024-05-26,Store_B,Cola,10.75,7.0,855,1,0
2024-05-26,Store_C,Cola,10.82,7.0,901,1,0
2024-05-26,Store_A,Chips,17.9,11.0,532,1,0
2024-05-26,Store_B,Chips,17.42,11.0,525,1,0
2024-05-26,Store_C,Chips,19.89,11.0,333,0,0
2024-05-26,Store_A,Water,7.3,4.0,1136,1,0
2024-05-26,Store_B,Water,7.43,4.0,890,0,0
2024-05-26,Store_C,Water,8.02,4.0,717,0,0
2024-05-27,Store_A,Cola,12.06,7.0,521,0,0
2024-05-27,Store_B,Cola,12.41,7.0,497,0,0
2024-05-27,Store_C,Cola,12.2,7.0,501,0,0
2024-05-27,Store_A,Chips,20.23,11.0,291,0,0
2024-05-27,Store_B,Chips,20.46,11.0,301,0,0
2024-05-27,Store_C,Chips,19.51,11.0,301,0,0
2024-05-27,Store_A,Water,8.65,4.0,606,0,0
2024-05-27,Store_B,Water,8.17,4.0,611,0,0
2024-05-27,Store_C,Water,7.25,4.0,898,1,0
2024-05-28,Store_A,Cola,12.14,7.0,463,0,0
2024-05-28,Store_B,Cola,10.68,7.0,807,1,0
2024-05-28,Store_C,Cola,12.43,7.0,513,0,0
2024-05-28,Store_A,Chips,20.69,11.0,280,0,0
2024-05-28,Store_B,Chips,19.79,11.0,299,0,0
2024-05-28,Store_C,Chips,19.62,11.0,301,0,0
2024-05-28,Store_A,Water,7.97,4.0,635,0,0
2024-05-28,Store_B,Water,7.42,4.0,839,1,0
2024-05-28,Store_C,Water,7.39,4.0,753,0,0
2024-05-29,Store_A,Cola,12.05,7.0,464,0,0
2024-05-29,Store_B,Cola,12.06,7.0,537,0,0
2024-05-29,Store_C,Cola,11.09,7.0,783,1,0
2024-05-29,Store_A,Chips,20.2,11.0,270,0,0
2024-05-29,Store_B,Chips,20.15,11.0,281,0,0
2024-05-29,Store_C,Chips,19.88,11.0,304,0,0
2024-05-29,Store_A,Water,7.82,4.0,583,0,0
2024-05-29,Store_B,Water,8.09,4.0,605,0,0
2024-05-29,Store_C,Water,8.36,4.0,631,0,0
2024-05-30,Store_A,Cola,12.16,7.0,463,0,0
2024-05-30,Store_B,Cola,10.95,7.0,694,1,0
2024-05-30,Store_C,Cola,11.64,7.0,499,0,0
2024-05-30,Store_A,Chips,20.05,11.0,309,0,0
2024-05-30,Store_B,Chips,17.8,11.0,477,1,0
2024-05-30,Store_C,Chips,20.33,11.0,308,0,0
2024-05-30,Store_A,Water,8.32,4.0,679,0,0
2024-05-30,Store_B,Water,8.17,4.0,627,0,0
2024-05-30,Store_C,Water,7.09,4.0,1064,1,0
2024-05-31,Store_A,Cola,11.95,7.0,455,0,0
2024-05-31,Store_B,Cola,11.92,7.0,550,0,0
2024-05-31,Store_C,Cola,12.24,7.0,523,0,0
2024-05-31,Store_A,Chips,18.66,11.0,339,0,0
2024-05-31,Store_B,Chips,19.55,11.0,317,0,0
2024-05-31,Store_C,Chips,20.7,11.0,311,0,0
2024-05-31,Store_A,Water,7.99,4.0,689,0,0
2024-05-31,Store_B,Water,8.06,4.0,563,0,0
2024-05-31,Store_C,Water,8.05,4.0,674,0,0
2024-06-01,Store_A,Cola,11.43,7.0,569,0,0
2024-06-01,Store_B,Cola,12.3,7.0,593,0,0
2024-06-01,Store_C,Cola,11.82,7.0,565,0,0
2024-06-01,Store_A,Chips,19.98,11.0,321,0,0
2024-06-01,Store_B,Chips,20.98,11.0,316,0,0
2024-06-01,Store_C,Chips,19.64,11.0,370,0,0
2024-06-01,Store_A,Water,8.38,4.0,648,0,0
2024-06-01,Store_B,Water,7.68,4.0,771,0,0
2024-06-01,Store_C,Water,7.32,4.0,904,1,0
2024-06-02,Store_A,Cola,12.64,7.0,493,0,0
2024-06-02,Store_B,Cola,11.01,7.0,638,0,0
2024-06-02,Store_C,Cola,10.39,7.0,960,1,0
2024-06-02,Store_A,Chips,19.71,11.0,409,0,0
2024-06-02,Store_B,Chips,19.63,11.0,337,0,0
2024-06-02,Store_C,Chips,19.58,11.0,357,0,0
2024-06-02,Store_A,Water,7.87,4.0,727,0,0
2024-06-02,Store_B,Water,7.27,4.0,1100,1,0
2024-06-02,Store_C,Water,7.23,4.0,1270,1,0
2024-06-03,Store_A,Cola,12.17,7.0,462,0,0
2024-06-03,Store_B,Cola,10.84,7.0,756,1,0
2024-06-03,Store_C,Cola,11.66,7.0,514,0,0
2024-06-03,Store_A,Chips,18.85,11.0,410,1,0
2024-06-03,Store_B,Chips,19.06,11.0,333,0,0
2024-06-03,Store_C,Chips,18.27,11.0,495,1,0
2024-06-03,Store_A,Water,7.99,4.0,635,0,0
2024-06-03,Store_B,Water,8.12,4.0,701,0,0
2024-06-03,Store_C,Water,8.24,4.0,680,0,0
2024-06-04,Store_A,Cola,12.44,7.0,444,0,0
2024-06-04,Store_B,Cola,11.96,7.0,475,0,0
2024-06-04,Store_C,Cola,12.25,7.0,521,0,0
2024-06-04,Store_A,Chips,19.87,11.0,281,0,0
2024-06-04,Store_B,Chips,19.92,11.0,271,0,0
2024-06-04,Store_C,Chips,18.19,11.0,429,1,0
2024-06-04,Store_A,Water,8.21,4.0,565,0,0
2024-06-04,Store_B,Water,7.81,4.0,662,0,0
2024-06-04,Store_C,Water,7.6,4.0,606,0,0
2024-06-05,Store_A,Cola,11.36,7.0,484,0,0
2024-06-05,Store_B,Cola,10.95,7.0,756,1,0
2024-06-05,Store_C,Cola,12.29,7.0,487,0,0
2024-06-05,Store_A,Chips,19.85,11.0,286,0,0
2024-06-05,Store_B,Chips,19.9,11.0,318,0,0
2024-06-05,Store_C,Chips,20.34,11.0,302,0,0
2024-06-05,Store_A,Water,7.86,4.0,714,0,0
2024-06-05,Store_B,Water,7.82,4.0,671,0,0
2024-06-05,Store_C,Water,7.77,4.0,602,0,0
2024-06-06,Store_A,Cola,10.8,7.0,788,1,0
2024-06-06,Store_B,Cola,11.92,7.0,488,0,0
2024-06-06,Store_C,Cola,12.2,7.0,480,0,0
2024-06-06,Store_A,Chips,19.58,11.0,315,0,0
2024-06-06,Store_B,Chips,19.39,11.0,280,0,0
2024-06-06,Store_C,Chips,19.74,11.0,304,0,0
2024-06-06,Store_A,Water,8.16,4.0,646,0,0
2024-06-06,Store_B,Water,8.09,4.0,568,0,0
2024-06-06,Store_C,Water,7.94,4.0,640,0,0
2024-06-07,Store_A,Cola,11.97,7.0,547,0,0
2024-06-07,Store_B,Cola,11.84,7.0,537,0,0
2024-06-07,Store_C,Cola,10.99,7.0,628,0,0
2024-06-07,Store_A,Chips,19.4,11.0,321,0,0
2024-06-07,Store_B,Chips,19.84,11.0,314,0,0
2024-06-07,Store_C,Chips,20.79,11.0,269,0,0
2024-06-07,Store_A,Water,7.18,4.0,1054,1,0
2024-06-07,Store_B,Water,6.88,4.0,1119,1,0
2024-06-07,Store_C,Water,7.75,4.0,603,0,0
2024-06-08,Store_A,Cola,10.89,7.0,871,1,0
2024-06-08,Store_B,Cola,11.65,7.0,567,0,0
2024-06-08,Store_C,Cola,12.2,7.0,526,0,0
2024-06-08,Store_A,Chips,19.32,11.0,327,0,0
2024-06-08,Store_B,Chips,20.12,11.0,294,0,0
2024-06-08,Store_C,Chips,19.93,11.0,309,0,0
2024-06-08,Store_A,Water,8.09,4.0,713,0,0
2024-06-08,Store_B,Water,8.23,4.0,602,0,0
2024-06-08,Store_C,Water,7.76,4.0,793,0,0
2024-06-09,Store_A,Cola,10.82,7.0,825,1,0
2024-06-09,Store_B,Cola,12.57,7.0,512,0,0
2024-06-09,Store_C,Cola,10.8,7.0,825,1,0
2024-06-09,Store_A,Chips,20.49,11.0,359,0,0
2024-06-09,Store_B,Chips,20.46,11.0,325,0,0
2024-06-09,Store_C,Chips,19.77,11.0,378,0,0
2024-06-09,Store_A,Water,8.05,4.0,746,0,0
2024-06-09,Store_B,Water,8.01,4.0,764,0,0
2024-06-09,Store_C,Water,8.3,4.0,746,0,0
2024-06-10,Store_A,Cola,11.97,7.0,513,0,0
2024-06-10,Store_B,Cola,12.74,7.0,453,0,0
2024-06-10,Store_C,Cola,10.85,7.0,762,1,0
2024-06-10,Store_A,Chips,20.31,11.0,297,0,0
2024-06-10,Store_B,Chips,20.19,11.0,287,0,0
2024-06-10,Store_C,Chips,20.58,11.0,293,0,0
2024-06-10,Store_A,Water,7.42,4.0,971,1,0
2024-06-10,Store_B,Water,7.1,4.0,946,1,0
2024-06-10,Store_C,Water,8.08,4.0,640,0,0
2024-06-11,Store_A,Cola,12.18,7.0,503,0,0
2024-06-11,Store_B,Cola,12.2,7.0,436,0,0
2024-06-11,Store_C,Cola,12.42,7.0,483,0,0
2024-06-11,Store_A,Chips,17.54,11.0,497,1,0
2024-06-11,Store_B,Chips,19.21,11.0,326,0,0
2024-06-11,Store_C,Chips,20.22,11.0,268,0,0
2024-06-11,Store_A,Water,7.81,4.0,726,0,0
2024-06-11,Store_B,Water,7.94,4.0,617,0,0
2024-06-11,Store_C,Water,7.64,4.0,734,0,0
2024-06-12,Store_A,Cola,11.74,7.0,525,0,0
2024-06-12,Store_B,Cola,12.49,7.0,437,0,0
2024-06-12,Store_C,Cola,11.82,7.0,500,0,0
2024-06-12,Store_A,Chips,18.29,11.0,481,1,0
2024-06-12,Store_B,Chips,20.01,11.0,314,0,0
2024-06-12,Store_C,Chips,19.18,11.0,359,0,0
2024-06-12,Store_A,Water,8.05,4.0,624,0,0
2024-06-12,Store_B,Water,8.36,4.0,588,0,0
2024-06-12,Store_C,Water,8.09,4.0,620,0,0
2024-06-13,Store_A,Cola,10.35,7.0,819,1,0
2024-06-13,Store_B,Cola,11.58,7.0,538,0,0
2024-06-13,Store_C,Cola,10.91,7.0,751,1,0
2024-06-13,Store_A,Chips,19.4,11.0,311,0,0
2024-06-13,Store_B,Chips,19.82,11.0,296,0,0
2024-06-13,Store_C,Chips,18.42,11.0,475,1,0
2024-06-13,Store_A,Water,8.12,4.0,670,0,0
2024-06-13,Store_B,Water,8.02,4.0,741,0,0
2024-06-13,Store_C,Water,7.54,4.0,704,0,0
2024-06-14,Store_A,Cola,11.52,7.0,538,0,0
2024-06-14,Store_B,Cola,12.03,7.0,532,0,0
2024-06-14,Store_C,Cola,11.87,7.0,471,0,0
2024-06-14,Store_A,Chips,18.21,11.0,343,0,0
2024-06-14,Store_B,Chips,19.87,11.0,304,0,0
2024-06-14,Store_C,Chips,17.83,11.0,425,1,0
2024-06-14,Store_A,Water,8.03,4.0,660,0,0
2024-06-14,Store_B,Water,7.88,4.0,695,0,0
2024-06-14,Store_C,Water,7.06,4.0,1109,1,0
2024-06-15,Store_A,Cola,12.11,7.0,552,0,0
2024-06-15,Store_B,Cola,11.9,7.0,568,0,0
2024-06-15,Store_C,Cola,11.84,7.0,553,0,0
2024-06-15,Store_A,Chips,19.32,11.0,355,0,0
2024-06-15,Store_B,Chips,19.8,11.0,294,0,0
2024-06-15,Store_C,Chips,20.03,11.0,333,0,0
2024-06-15,Store_A,Water,7.97,4.0,693,0,0
2024-06-15,Store_B,Water,7.94,4.0,788,0,0
2024-06-15,Store_C,Water,8.44,4.0,633,0,0
2024-06-16,Store_A,Cola,11.76,7.0,549,0,0
2024-06-16,Store_B,Cola,10.72,7.0,887,1,0
2024-06-16,Store_C,Cola,11.63,7.0,607,0,0
2024-06-16,Store_A,Chips,20.65,11.0,328,0,0
2024-06-16,Store_B,Chips,19.88,11.0,374,0,0
2024-06-16,Store_C,Chips,20.15,11.0,369,0,0
2024-06-16,Store_A,Water,8.18,4.0,719,0,0
2024-06-16,Store_B,Water,8.22,4.0,724,0,0
2024-06-16,Store_C,Water,8.12,4.0,681,0,0
2024-06-17,Store_A,Cola,11.85,7.0,519,0,0
2024-06-17,Store_B,Cola,12.29,7.0,513,0,0
2024-06-17,Store_C,Cola,11.09,7.0,736,1,0
2024-06-17,Store_A,Chips,19.95,11.0,292,0,0
2024-06-17,Store_B,Chips,19.51,11.0,320,0,0
2024-06-17,Store_C,Chips,20.14,11.0,310,0,0
2024-06-17,Store_A,Water,7.18,4.0,922,1,0
2024-06-17,Store_B,Water,7.83,4.0,596,0,0
2024-06-17,Store_C,Water,7.93,4.0,722,0,0
2024-06-18,Store_A,Cola,12.57,7.0,486,0,0
2024-06-18,Store_B,Cola,12.49,7.0,435,0,0
2024-06-18,Store_C,Cola,11.87,7.0,507,0,0
2024-06-18,Store_A,Chips,19.91,11.0,294,0,0
2024-06-18,Store_B,Chips,17.5,11.0,466,1,0
2024-06-18,Store_C,Chips,20.43,11.0,323,0,0
2024-06-18,Store_A,Water,7.79,4.0,675,0,0
2024-06-18,Store_B,Water,7.85,4.0,681,0,0
2024-06-18,Store_C,Water,7.78,4.0,657,0,0
2024-06-19,Store_A,Cola,12.48,7.0,452,0,0
2024-06-19,Store_B,Cola,11.92,7.0,467,0,0
2024-06-19,Store_C,Cola,12.1,7.0,459,0,0
2024-06-19,Store_A,Chips,17.38,11.0,520,1,0
2024-06-19,Store_B,Chips,19.83,11.0,293,0,0
2024-06-19,Store_C,Chips,20.7,11.0,290,0,0
2024-06-19,Store_A,Water,7.99,4.0,673,0,0
2024-06-19,Store_B,Water,7.38,4.0,1013,1,0
2024-06-19,Store_C,Water,7.17,4.0,1042,1,0
2024-06-20,Store_A,Cola,11.98,7.0,489,0,0
2024-06-20,Store_B,Cola,10.38,7.0,864,1,0
2024-06-20,Store_C,Cola,11.89,7.0,456,0,0
2024-06-20,Store_A,Chips,19.64,11.0,302,0,0
2024-06-20,Store_B,Chips,19.96,11.0,340,0,0
2024-06-20,Store_C,Chips,17.57,11.0,468,1,0
2024-06-20,Store_A,Water,7.91,4.0,627,0,0
2024-06-20,Store_B,Water,7.95,4.0,647,0,0
2024-06-20,Store_C,Water,8.08,4.0,685,0,0
2024-06-21,Store_A,Cola,12.26,7.0,543,0,0
2024-06-21,Store_B,Cola,11.6,7.0,543,0,0
2024-06-21,Store_C,Cola,12.45,7.0,505,0,0
2024-06-21,Store_A,Chips,19.6,11.0,355,0,0
2024-06-21,Store_B,Chips,19.44,11.0,337,0,0
2024-06-21,Store_C,Chips,20.05,11.0,298,0,0
2024-06-21,Store_A,Water,8.17,4.0,667,0,0
2024-06-21,Store_B,Water,8.05,4.0,706,0,0
2024-06-21,Store_C,Water,7.93,4.0,600,0,0
2024-06-22,Store_A,Cola,11.35,7.0,609,0,0
2024-06-22,Store_B,Cola,12.08,7.0,578,0,0
2024-06-22,Store_C,Cola,12.12,7.0,496,0,0
2024-06-22,Store_A,Chips,21.37,11.0,307,0,0
2024-06-22,Store_B,Chips,18.66,11.0,395,0,0
2024-06-22,Store_C,Chips,18.06,11.0,527,1,0
2024-06-22,Store_A,Water,8.04,4.0,657,0,0
2024-06-22,Store_B,Water,8.3,4.0,709,0,0
2024-06-22,Store_C,Water,7.99,4.0,730,0,0
2024-06-23,Store_A,Cola,12.24,7.0,560,0,0
2024-06-23,Store_B,Cola,12.06,7.0,604,0,0
2024-06-23,Store_C,Cola,10.58,7.0,927,1,0
2024-06-23,Store_A,Chips,19.84,11.0,326,0,0
2024-06-23,Store_B,Chips,20.16,11.0,328,0,0
2024-06-23,Store_C,Chips,20.6,11.0,314,0,0
2024-06-23,Store_A,Water,7.75,4.0,795,0,0
2024-06-23,Store_B,Water,7.96,4.0,744,0,0
2024-06-23,Store_C,Water,8.06,4.0,696,0,0
2024-06-24,Store_A,Cola,12.42,7.0,492,0,0
2024-06-24,Store_B,Cola,11.86,7.0,506,0,0
2024-06-24,Store_C,Cola,11.17,7.0,613,0,0
2024-06-24,Store_A,Chips,19.07,11.0,344,0,0
2024-06-24,Store_B,Chips,17.59,11.0,489,1,0
2024-06-24,Store_C,Chips,20.25,11.0,296,0,0
2024-06-24,Store_A,Water,7.96,4.0,697,0,0
2024-06-24,Store_B,Water,8.26,4.0,575,0,0
2024-06-24,Store_C,Water,8.2,4.0,643,0,0
2024-06-25,Store_A,Cola,12.25,7.0,497,0,0
2024-06-25,Store_B,Cola,10.67,7.0,856,1,0
2024-06-25,Store_C,Cola,11.88,7.0,522,0,0
2024-06-25,Store_A,Chips,20.31,11.0,267,0,0
2024-06-25,Store_B,Chips,20.13,11.0,299,0,0
2024-06-25,Store_C,Chips,19.88,11.0,301,0,0
2024-06-25,Store_A,Water,8.22,4.0,642,0,0
2024-06-25,Store_B,Water,8.11,4.0,672,0,0
2024-06-25,Store_C,Water,8.63,4.0,590,0,0
2024-06-26,Store_A,Cola,12.18,7.0,478,0,0
2024-06-26,Store_B,Cola,11.81,7.0,500,0,0
2024-06-26,Store_C,Cola,12.04,7.0,529,0,0
2024-06-26,Store_A,Chips,20.13,11.0,300,0,0
2024-06-26,Store_B,Chips,18.58,11.0,384,1,0
2024-06-26,Store_C,Chips,18.14,11.0,497,1,0
2024-06-26,Store_A,Water,8.15,4.0,619,0,0
2024-06-26,Store_B,Water,7.82,4.0,700,0,0
2024-06-26,Store_C,Water,8.03,4.0,618,0,0
2024-06-27,Store_A,Cola,12.11,7.0,540,0,0
2024-06-27,Store_B,Cola,11.02,7.0,721,1,0
2024-06-27,Store_C,Cola,11.68,7.0,560,0,0
2024-06-27,Store_A,Chips,19.46,11.0,294,0,0
2024-06-27,Store_B,Chips,19.96,11.0,314,0,0
2024-06-27,Store_C,Chips,19.9,11.0,323,0,0
2024-06-27,Store_A,Water,7.96,4.0,626,0,0
2024-06-27,Store_B,Water,7.28,4.0,886,1,0
2024-06-27,Store_C,Water,8.27,4.0,652,0,0
2024-06-28,Store_A,Cola,12.52,7.0,527,0,0
2024-06-28,Store_B,Cola,11.75,7.0,489,0,0
2024-06-28,Store_C,Cola,12.25,7.0,492,0,0
2024-06-28,Store_A,Chips,19.98,11.0,306,0,0
2024-06-28,Store_B,Chips,19.81,11.0,272,0,0
2024-06-28,Store_C,Chips,19.03,11.0,313,0,0
2024-06-28,Store_A,Water,7.13,4.0,965,1,0
2024-06-28,Store_B,Water,7.41,4.0,965,1,0
2024-06-28,Store_C,Water,7.83,4.0,779,0,0
2024-06-29,Store_A,Cola,11.75,7.0,581,0,0
2024-06-29,Store_B,Cola,12.27,7.0,551,0,0
2024-06-29,Store_C,Cola,11.8,7.0,608,0,0
2024-06-29,Store_A,Chips,18.1,11.0,524,1,0
2024-06-29,Store_B,Chips,19.71,11.0,332,0,0
2024-06-29,Store_C,Chips,19.55,11.0,333,0,0
2024-06-29,Store_A,Water,8.04,4.0,728,0,0
2024-06-29,Store_B,Water,7.21,4.0,1046,1,0
2024-06-29,Store_C,Water,7.2,4.0,1028,1,0
2024-06-30,Store_A,Cola,12.77,7.0,477,0,0
2024-06-30,Store_B,Cola,11.71,7.0,525,0,0
2024-06-30,Store_C,Cola,12.19,7.0,608,0,0
2024-06-30,Store_A,Chips,19.96,11.0,339,0,0
2024-06-30,Store_B,Chips,19.77,11.0,303,0,0
2024-06-30,Store_C,Chips,20.07,11.0,315,0,0
2024-06-30,Store_A,Water,7.83,4.0,748,0,0
2024-06-30,Store_B,Water,7.12,4.0,1204,1,0
2024-06-30,Store_C,Water,7.9,4.0,760,0,0
2024-07-01,Store_A,Cola,10.85,7.0,731,1,0
2024-07-01,Store_B,Cola,12.64,7.0,485,0,0
2024-07-01,Store_C,Cola,12.02,7.0,450,0,0
2024-07-01,Store_A,Chips,19.73,11.0,277,0,0
2024-07-01,Store_B,Chips,20.66,11.0,257,0,0
2024-07-01,Store_C,Chips,19.87,11.0,314,0,0
2024-07-01,Store_A,Water,7.75,4.0,625,0,0
2024-07-01,Store_B,Water,7.09,4.0,1125,1,0
2024-07-01,Store_C,Water,8.03,4.0,667,0,0
2024-07-02,Store_A,Cola,10.87,7.0,876,1,0
2024-07-02,Store_B,Cola,11.59,7.0,514,0,0
2024-07-02,Store_C,Cola,11.84,7.0,474,0,0
2024-07-02,Store_A,Chips,20.14,11.0,268,0,0
2024-07-02,Store_B,Chips,20.42,11.0,287,0,0
2024-07-02,Store_C,Chips,21.06,11.0,287,0,0
2024-07-02,Store_A,Water,7.29,4.0,953,1,0
2024-07-02,Store_B,Water,8.01,4.0,579,0,0
2024-07-02,Store_C,Water,7.92,4.0,639,0,0
2024-07-03,Store_A,Cola,12.29,7.0,412,0,0
2024-07-03,Store_B,Cola,11.62,7.0,480,0,0
2024-07-03,Store_C,Cola,11.84,7.0,526,0,0
2024-07-03,Store_A,Chips,20.17,11.0,280,0,0
2024-07-03,Store_B,Chips,18.37,11.0,463,1,0
2024-07-03,Store_C,Chips,21.0,11.0,264,0,0
2024-07-03,Store_A,Water,8.7,4.0,554,0,0
2024-07-03,Store_B,Water,7.78,4.0,677,0,0
2024-07-03,Store_C,Water,8.16,4.0,596,0,0
2024-07-04,Store_A,Cola,11.92,7.0,474,0,0
2024-07-04,Store_B,Cola,12.18,7.0,463,0,0
2024-07-04,Store_C,Cola,11.05,7.0,684,1,0
2024-07-04,Store_A,Chips,17.69,11.0,428,1,0
2024-07-04,Store_B,Chips,20.55,11.0,327,0,0
2024-07-04,Store_C,Chips,20.39,11.0,281,0,0
2024-07-04,Store_A,Water,7.93,4.0,654,0,0
2024-07-04,Store_B,Water,7.89,4.0,690,0,0
2024-07-04,Store_C,Water,7.77,4.0,676,0,0
2024-07-05,Store_A,Cola,10.65,7.0,853,1,0
2024-07-05,Store_B,Cola,11.73,7.0,538,0,0
2024-07-05,Store_C,Cola,10.64,7.0,868,1,0
2024-07-05,Store_A,Chips,19.32,11.0,329,0,0
2024-07-05,Store_B,Chips,20.14,11.0,285,0,0
2024-07-05,Store_C,Chips,20.71,11.0,267,0,0
2024-07-05,Store_A,Water,7.86,4.0,688,0,0
2024-07-05,Store_B,Water,7.93,4.0,630,0,0
2024-07-05,Store_C,Water,8.11,4.0,751,0,0
2024-07-06,Store_A,Cola,10.56,7.0,919,1,0
2024-07-06,Store_B,Cola,12.01,7.0,503,0,0
2024-07-06,Store_C,Cola,10.98,7.0,936,1,0
2024-07-06,Store_A,Chips,19.15,11.0,379,0,0
2024-07-06,Store_B,Chips,20.12,11.0,351,0,0
2024-07-06,Store_C,Chips,19.17,11.0,363,0,0
2024-07-06,Store_A,Water,7.89,4.0,720,0,0
2024-07-06,Store_B,Water,7.9,4.0,717,0,0
2024-07-06,Store_C,Water,7.98,4.0,702,0,0
2024-07-07,Store_A,Cola,11.3,7.0,636,0,0
2024-07-07,Store_B,Cola,12.35,7.0,559,0,0
2024-07-07,Store_C,Cola,12.17,7.0,551,0,0
2024-07-07,Store_A,Chips,20.01,11.0,348,0,0
2024-07-07,Store_B,Chips,19.58,11.0,359,0,0
2024-07-07,Store_C,Chips,17.88,11.0,543,1,0
2024-07-07,Store_A,Water,7.94,4.0,684,0,0
2024-07-07,Store_B,Water,7.92,4.0,663,0,0
2024-07-07,Store_C,Water,7.95,4.0,714,0,0
2024-07-08,Store_A,Cola,12.0,7.0,516,0,0
2024-07-08,Store_B,Cola,12.05,7.0,492,0,0
2024-07-08,Store_C,Cola,12.04,7.0,469,0,0
2024-07-08,Store_A,Chips,20.43,11.0,314,0,0
2024-07-08,Store_B,Chips,20.29,11.0,292,0,0
2024-07-08,Store_C,Chips,20.7,11.0,267,0,0
2024-07-08,Store_A,Water,8.36,4.0,651,0,0
2024-07-08,Store_B,Water,7.95,4.0,663,0,0
2024-07-08,Store_C,Water,7.98,4.0,657,0,0
2024-07-09,Store_A,Cola,12.0,7.0,488,0,0
2024-07-09,Store_B,Cola,12.46,7.0,434,0,0
2024-07-09,Store_C,Cola,10.85,7.0,797,1,0
2024-07-09,Store_A,Chips,17.94,11.0,448,1,0
2024-07-09,Store_B,Chips,21.04,11.0,306,0,0
2024-07-09,Store_C,Chips,20.56,11.0,311,0,0
2024-07-09,Store_A,Water,8.22,4.0,619,0,0
2024-07-09,Store_B,Water,8.33,4.0,552,0,0
2024-07-09,Store_C,Water,8.0,4.0,619,0,0
2024-07-10,Store_A,Cola,11.87,7.0,491,0,0
2024-07-10,Store_B,Cola,12.5,7.0,451,0,0
2024-07-10,Store_C,Cola,11.58,7.0,538,0,0
2024-07-10,Store_A,Chips,19.79,11.0,325,0,0
2024-07-10,Store_B,Chips,20.79,11.0,252,0,0
2024-07-10,Store_C,Chips,19.76,11.0,297,0,0
2024-07-10,Store_A,Water,8.45,4.0,593,0,0
2024-07-10,Store_B,Water,7.51,4.0,673,0,0
2024-07-10,Store_C,Water,8.49,4.0,636,0,0
2024-07-11,Store_A,Cola,11.82,7.0,537,0,0
2024-07-11,Store_B,Cola,11.97,7.0,516,0,0
2024-07-11,Store_C,Cola,12.15,7.0,466,0,0
2024-07-11,Store_A,Chips,19.98,11.0,262,0,0
2024-07-11,Store_B,Chips,17.52,11.0,527,1,0
2024-07-11,Store_C,Chips,20.31,11.0,284,0,0
2024-07-11,Store_A,Water,8.09,4.0,604,0,0
2024-07-11,Store_B,Water,7.26,4.0,1109,1,0
2024-07-11,Store_C,Water,8.43,4.0,557,0,0
2024-07-12,Store_A,Cola,11.96,7.0,485,0,0
2024-07-12,Store_B,Cola,12.22,7.0,494,0,0
2024-07-12,Store_C,Cola,11.42,7.0,553,0,0
2024-07-12,Store_A,Chips,19.48,11.0,325,0,0
2024-07-12,Store_B,Chips,19.43,11.0,337,0,0
2024-07-12,Store_C,Chips,18.91,11.0,335,0,0
2024-07-12,Store_A,Water,8.1,4.0,642,0,0
2024-07-12,Store_B,Water,7.62,4.0,723,0,0
2024-07-12,Store_C,Water,8.07,4.0,568,0,0
2024-07-13,Store_A,Cola,11.45,7.0,580,0,0
2024-07-13,Store_B,Cola,11.68,7.0,603,0,0
2024-07-13,Store_C,Cola,12.15,7.0,532,0,0
2024-07-13,Store_A,Chips,18.44,11.0,519,1,0
2024-07-13,Store_B,Chips,20.36,11.0,332,0,0
2024-07-13,Store_C,Chips,19.79,11.0,329,0,0
2024-07-13,Store_A,Water,7.95,4.0,739,0,0
2024-07-13,Store_B,Water,8.18,4.0,739,0,0
2024-07-13,Store_C,Water,8.24,4.0,694,0,0
2024-07-14,Store_A,Cola,12.22,7.0,515,0,0
2024-07-14,Store_B,Cola,12.7,7.0,480,0,0
2024-07-14,Store_C,Cola,12.01,7.0,553,0,0
2024-07-14,Store_A,Chips,20.59,11.0,311,0,0
2024-07-14,Store_B,Chips,19.98,11.0,380,0,0
2024-07-14,Store_C,Chips,18.31,11.0,372,0,0
2024-07-14,Store_A,Water,7.83,4.0,704,0,0
2024-07-14,Store_B,Water,8.2,4.0,684,0,0
2024-07-14,Store_C,Water,8.03,4.0,732,0,0
2024-07-15,Store_A,Cola,12.39,7.0,487,0,0
2024-07-15,Store_B,Cola,11.92,7.0,500,0,0
2024-07-15,Store_C,Cola,10.95,7.0,771,1,0
2024-07-15,Store_A,Chips,20.56,11.0,293,0,0
2024-07-15,Store_B,Chips,18.09,11.0,447,1,0
2024-07-15,Store_C,Chips,20.25,11.0,282,0,0
2024-07-15,Store_A,Water,8.01,4.0,754,0,0
2024-07-15,Store_B,Water,7.96,4.0,690,0,0
2024-07-15,Store_C,Water,7.8,4.0,628,0,0
2024-07-16,Store_A,Cola,11.99,7.0,467,0,0
2024-07-16,Store_B,Cola,10.98,7.0,801,1,0
2024-07-16,Store_C,Cola,11.91,7.0,507,0,0
2024-07-16,Store_A,Chips,18.21,11.0,444,1,0
2024-07-16,Store_B,Chips,20.03,11.0,284,0,0
2024-07-16,Store_C,Chips,20.29,11.0,297,0,0
2024-07-16,Store_A,Water,8.74,4.0,566,0,0
2024-07-16,Store_B,Water,7.21,4.0,1149,1,0
2024-07-16,Store_C,Water,7.92,4.0,710,0,0
2024-07-17,Store_A,Cola,10.75,7.0,772,1,0
2024-07-17,Store_B,Cola,12.31,7.0,462,0,0
2024-07-17,Store_C,Cola,12.14,7.0,440,0,0
2024-07-17,Store_A,Chips,19.74,11.0,308,0,0
2024-07-17,Store_B,Chips,19.76,11.0,292,0,0
2024-07-17,Store_C,Chips,20.97,11.0,255,0,0
2024-07-17,Store_A,Water,7.83,4.0,702,0,0
2024-07-17,Store_B,Water,7.78,4.0,725,0,0
2024-07-17,Store_C,Water,7.9,4.0,659,0,0
2024-07-18,Store_A,Cola,10.91,7.0,750,1,0
2024-07-18,Store_B,Cola,12.13,7.0,546,0,0
2024-07-18,Store_C,Cola,11.74,7.0,514,0,0
2024-07-18,Store_A,Chips,20.14,11.0,306,0,0
2024-07-18,Store_B,Chips,19.42,11.0,292,0,0
2024-07-18,Store_C,Chips,19.18,11.0,307,0,0
2024-07-18,Store_A,Water,8.31,4.0,574,0,0
2024-07-18,Store_B,Water,7.83,4.0,710,0,0
2024-07-18,Store_C,Water,8.0,4.0,647,0,0
2024-07-19,Store_A,Cola,10.94,7.0,707,1,0
2024-07-19,Store_B,Cola,12.02,7.0,510,0,0
2024-07-19,Store_C,Cola,11.71,7.0,549,0,0
2024-07-19,Store_A,Chips,20.52,11.0,265,0,0
2024-07-19,Store_B,Chips,17.89,11.0,464,1,0
2024-07-19,Store_C,Chips,19.61,11.0,319,0,0
2024-07-19,Store_A,Water,7.76,4.0,770,0,0
2024-07-19,Store_B,Water,7.25,4.0,943,1,0
2024-07-19,Store_C,Water,7.84,4.0,730,0,0
2024-07-20,Store_A,Cola,11.75,7.0,544,0,0
2024-07-20,Store_B,Cola,11.93,7.0,553,0,0
2024-07-20,Store_C,Cola,12.34,7.0,531,0,0
2024-07-20,Store_A,Chips,20.35,11.0,327,0,0
2024-07-20,Store_B,Chips,20.01,11.0,327,0,0
2024-07-20,Store_C,Chips,19.67,11.0,338,0,0
2024-07-20,Store_A,Water,8.14,4.0,745,0,0
2024-07-20,Store_B,Water,8.14,4.0,659,0,0
2024-07-20,Store_C,Water,7.7,4.0,749,0,0
2024-07-21,Store_A,Cola,12.13,7.0,526,0,0
2024-07-21,Store_B,Cola,10.74,7.0,842,1,0
2024-07-21,Store_C,Cola,12.2,7.0,530,0,0
2024-07-21,Store_A,Chips,20.79,11.0,311,0,0
2024-07-21,Store_B,Chips,17.78,11.0,538,1,0
2024-07-21,Store_C,Chips,19.93,11.0,329,0,0
2024-07-21,Store_A,Water,8.08,4.0,746,0,0
2024-07-21,Store_B,Water,8.03,4.0,727,0,0
2024-07-21,Store_C,Water,8.08,4.0,729,0,0
2024-07-22,Store_A,Cola,12.29,7.0,464,0,0
2024-07-22,Store_B,Cola,12.19,7.0,456,0,0
2024-07-22,Store_C,Cola,12.55,7.0,451,0,0
2024-07-22,Store_A,Chips,21.08,11.0,305,0,0
2024-07-22,Store_B,Chips,19.86,11.0,309,0,0
2024-07-22,Store_C,Chips,19.4,11.0,297,0,0
2024-07-22,Store_A,Water,8.07,4.0,625,0,0
2024-07-22,Store_B,Water,7.74,4.0,788,0,0
2024-07-22,Store_C,Water,7.81,4.0,649,0,0
2024-07-23,Store_A,Cola,12.38,7.0,462,0,0
2024-07-23,Store_B,Cola,10.7,7.0,821,1,0
2024-07-23,Store_C,Cola,12.34,7.0,488,0,0
2024-07-23,Store_A,Chips,20.01,11.0,309,0,0
2024-07-23,Store_B,Chips,21.63,11.0,286,0,0
2024-07-23,Store_C,Chips,19.82,11.0,306,0,0
2024-07-23,Store_A,Water,7.95,4.0,713,0,0
2024-07-23,Store_B,Water,8.54,4.0,545,0,0
2024-07-23,Store_C,Water,7.85,4.0,593,0,0
2024-07-24,Store_A,Cola,10.88,7.0,755,1,0
2024-07-24,Store_B,Cola,10.57,7.0,789,1,0
2024-07-24,Store_C,Cola,12.18,7.0,501,0,0
2024-07-24,Store_A,Chips,20.95,11.0,291,0,0
2024-07-24,Store_B,Chips,20.23,11.0,331,0,0
2024-07-24,Store_C,Chips,18.51,11.0,381,1,0
2024-07-24,Store_A,Water,7.7,4.0,715,0,0
2024-07-24,Store_B,Water,8.18,4.0,627,0,0
2024-07-24,Store_C,Water,7.13,4.0,1027,1,0
2024-07-25,Store_A,Cola,10.69,7.0,794,1,0
2024-07-25,Store_B,Cola,12.53,7.0,529,0,0
2024-07-25,Store_C,Cola,11.68,7.0,482,0,0
2024-07-25,Store_A,Chips,19.58,11.0,303,0,0
2024-07-25,Store_B,Chips,17.86,11.0,463,1,0
2024-07-25,Store_C,Chips,20.17,11.0,312,0,0
2024-07-25,Store_A,Water,7.9,4.0,700,0,0
2024-07-25,Store_B,Water,7.8,4.0,625,0,0
2024-07-25,Store_C,Water,8.37,4.0,616,0,0
2024-07-26,Store_A,Cola,11.92,7.0,503,0,0
2024-07-26,Store_B,Cola,11.66,7.0,519,0,0
2024-07-26,Store_C,Cola,11.55,7.0,536,0,0
2024-07-26,Store_A,Chips,20.38,11.0,281,0,0
2024-07-26,Store_B,Chips,20.34,11.0,284,0,0
2024-07-26,Store_C,Chips,19.4,11.0,336,0,0
2024-07-26,Store_A,Water,7.12,4.0,1070,1,0
2024-07-26,Store_B,Water,7.23,4.0,994,1,0
2024-07-26,Store_C,Water,8.05,4.0,593,0,0
2024-07-27,Store_A,Cola,10.95,7.0,852,1,0
2024-07-27,Store_B,Cola,11.64,7.0,572,0,0
2024-07-27,Store_C,Cola,10.99,7.0,924,1,0
2024-07-27,Store_A,Chips,20.27,11.0,353,0,0
2024-07-27,Store_B,Chips,19.84,11.0,317,0,0
2024-07-27,Store_C,Chips,17.52,11.0,583,1,0
2024-07-27,Store_A,Water,7.27,4.0,797,0,0
2024-07-27,Store_B,Water,7.96,4.0,727,0,0
2024-07-27,Store_C,Water,8.04,4.0,702,0,0
2024-07-28,Store_A,Cola,12.17,7.0,542,0,0
2024-07-28,Store_B,Cola,12.28,7.0,535,0,0
2024-07-28,Store_C,Cola,12.2,7.0,594,0,0
2024-07-28,Store_A,Chips,18.92,11.0,366,0,0
2024-07-28,Store_B,Chips,19.89,11.0,322,0,0
2024-07-28,Store_C,Chips,20.54,11.0,331,0,0
2024-07-28,Store_A,Water,7.07,4.0,1085,1,0
2024-07-28,Store_B,Water,6.96,4.0,1208,1,0
2024-07-28,Store_C,Water,8.03,4.0,724,0,0
2024-07-29,Store_A,Cola,10.93,7.0,708,1,0
2024-07-29,Store_B,Cola,12.01,7.0,461,0,0
2024-07-29,Store_C,Cola,11.86,7.0,487,0,0
2024-07-29,Store_A,Chips,20.56,11.0,267,0,0
2024-07-29,Store_B,Chips,20.32,11.0,286,0,0
2024-07-29,Store_C,Chips,18.81,11.0,312,0,0
2024-07-29,Store_A,Water,8.02,4.0,693,0,0
2024-07-29,Store_B,Water,7.88,4.0,689,0,0
2024-07-29,Store_C,Water,7.94,4.0,611,0,0
2024-07-30,Store_A,Cola,10.86,7.0,697,1,0
2024-07-30,Store_B,Cola,12.01,7.0,457,0,0
2024-07-30,Store_C,Cola,11.93,7.0,491,0,0
2024-07-30,Store_A,Chips,20.43,11.0,293,0,0
2024-07-30,Store_B,Chips,19.69,11.0,316,0,0
2024-07-30,Store_C,Chips,20.27,11.0,267,0,0
2024-07-30,Store_A,Water,8.05,4.0,694,0,0
2024-07-30,Store_B,Water,7.1,4.0,1030,1,0
2024-07-30,Store_C,Water,7.02,4.0,980,1,0
2024-07-31,Store_A,Cola,10.9,7.0,688,1,0
2024-07-31,Store_B,Cola,12.01,7.0,467,0,0
2024-07-31,Store_C,Cola,12.13,7.0,536,0,0
2024-07-31,Store_A,Chips,20.09,11.0,300,0,0
2024-07-31,Store_B,Chips,18.45,11.0,336,0,0
2024-07-31,Store_C,Chips,19.6,11.0,298,0,0
2024-07-31,Store_A,Water,7.2,4.0,1005,1,0
2024-07-31,Store_B,Water,7.0,4.0,881,1,0
2024-07-31,Store_C,Water,7.39,4.0,893,1,0
2024-08-01,Store_A,Cola,12.2,7.0,504,0,0
2024-08-01,Store_B,Cola,12.07,7.0,505,0,0
2024-08-01,Store_C,Cola,12.12,7.0,518,0,0
2024-08-01,Store_A,Chips,19.55,11.0,315,0,0
2024-08-01,Store_B,Chips,20.25,11.0,285,0,0
2024-08-01,Store_C,Chips,20.57,11.0,296,0,0
2024-08-01,Store_A,Water,8.04,4.0,695,0,0
2024-08-01,Store_B,Water,6.98,4.0,1039,1,0
2024-08-01,Store_C,Water,7.27,4.0,972,1,0
2024-08-02,Store_A,Cola,12.12,7.0,444,0,0
2024-08-02,Store_B,Cola,11.92,7.0,512,0,0
2024-08-02,Store_C,Cola,12.03,7.0,478,0,0
2024-08-02,Store_A,Chips,19.39,11.0,272,0,0
2024-08-02,Store_B,Chips,19.38,11.0,313,0,0
2024-08-02,Store_C,Chips,21.23,11.0,285,0,0
2024-08-02,Store_A,Water,7.83,4.0,673,0,0
2024-08-02,Store_B,Water,8.24,4.0,607,0,0
2024-08-02,Store_C,Water,8.05,4.0,608,0,0
2024-08-03,Store_A,Cola,11.61,7.0,554,0,0
2024-08-03,Store_B,Cola,11.77,7.0,534,0,0
2024-08-03,Store_C,Cola,11.3,7.0,610,0,0
2024-08-03,Store_A,Chips,19.79,11.0,299,0,0
2024-08-03,Store_B,Chips,17.97,11.0,528,1,0
2024-08-03,Store_C,Chips,19.95,11.0,334,0,0
2024-08-03,Store_A,Water,7.97,4.0,785,0,0
2024-08-03,Store_B,Water,8.0,4.0,684,0,0
2024-08-03,Store_C,Water,7.03,4.0,1161,1,0
2024-08-04,Store_A,Cola,10.77,7.0,847,1,0
2024-08-04,Store_B,Cola,11.84,7.0,572,0,0
2024-08-04,Store_C,Cola,11.96,7.0,604,0,0
2024-08-04,Store_A,Chips,20.14,11.0,321,0,0
2024-08-04,Store_B,Chips,20.37,11.0,336,0,0
2024-08-04,Store_C,Chips,19.95,11.0,340,0,0
2024-08-04,Store_A,Water,7.84,4.0,717,0,0
2024-08-04,Store_B,Water,7.61,4.0,781,0,0
2024-08-04,Store_C,Water,8.1,4.0,739,0,0
2024-08-05,Store_A,Cola,11.93,7.0,501,0,0
2024-08-05,Store_B,Cola,12.14,7.0,506,0,0
2024-08-05,Store_C,Cola,11.98,7.0,479,0,0
2024-08-05,Store_A,Chips,20.59,11.0,291,0,0
2024-08-05,Store_B,Chips,19.98,11.0,303,0,0
2024-08-05,Store_C,Chips,19.77,11.0,290,0,0
2024-08-05,Store_A,Water,8.11,4.0,622,0,0
2024-08-05,Store_B,Water,7.8,4.0,711,0,0
2024-08-05,Store_C,Water,8.07,4.0,637,0,0
2024-08-06,Store_A,Cola,12.06,7.0,505,0,0
2024-08-06,Store_B,Cola,10.86,7.0,728,1,0
2024-08-06,Store_C,Cola,12.73,7.0,470,0,0
2024-08-06,Store_A,Chips,21.13,11.0,273,0,0
2024-08-06,Store_B,Chips,17.72,11.0,517,1,0
2024-08-06,Store_C,Chips,19.61,11.0,312,0,0
2024-08-06,Store_A,Water,8.34,4.0,580,0,0
2024-08-06,Store_B,Water,7.85,4.0,694,0,0
2024-08-06,Store_C,Water,7.93,4.0,621,0,0
2024-08-07,Store_A,Cola,10.92,7.0,742,1,0
2024-08-07,Store_B,Cola,12.77,7.0,455,0,0
2024-08-07,Store_C,Cola,11.85,7.0,527,0,0
2024-08-07,Store_A,Chips,20.51,11.0,283,0,0
2024-08-07,Store_B,Chips,20.71,11.0,251,0,0
2024-08-07,Store_C,Chips,20.01,11.0,338,0,0
2024-08-07,Store_A,Water,7.86,4.0,683,0,0
2024-08-07,Store_B,Water,7.2,4.0,1026,1,0
2024-08-07,Store_C,Water,8.24,4.0,659,0,0
2024-08-08,Store_A,Cola,11.63,7.0,553,0,0
2024-08-08,Store_B,Cola,12.14,7.0,468,0,0
2024-08-08,Store_C,Cola,11.79,7.0,512,0,0
2024-08-08,Store_A,Chips,18.0,11.0,483,1,0
2024-08-08,Store_B,Chips,19.78,11.0,313,0,0
2024-08-08,Store_C,Chips,19.8,11.0,274,0,0
2024-08-08,Store_A,Water,8.25,4.0,657,0,0
2024-08-08,Store_B,Water,8.03,4.0,632,0,0
2024-08-08,Store_C,Water,7.91,4.0,649,0,0
2024-08-09,Store_A,Cola,12.04,7.0,495,0,0
2024-08-09,Store_B,Cola,10.63,7.0,813,1,0
2024-08-09,Store_C,Cola,10.87,7.0,737,1,0
2024-08-09,Store_A,Chips,20.22,11.0,314,0,0
2024-08-09,Store_B,Chips,18.79,11.0,311,0,0
2024-08-09,Store_C,Chips,19.34,11.0,321,0,0
2024-08-09,Store_A,Water,7.35,4.0,992,1,0
2024-08-09,Store_B,Water,8.06,4.0,644,0,0
2024-08-09,Store_C,Water,8.08,4.0,600,0,0
2024-08-10,Store_A,Cola,11.89,7.0,590,0,0
2024-08-10,Store_B,Cola,11.81,7.0,590,0,0
2024-08-10,Store_C,Cola,10.81,7.0,893,1,0
2024-08-10,Store_A,Chips,19.72,11.0,337,0,0
2024-08-10,Store_B,Chips,18.27,11.0,536,1,0
2024-08-10,Store_C,Chips,18.06,11.0,509,1,0
2024-08-10,Store_A,Water,8.24,4.0,711,0,0
2024-08-10,Store_B,Water,8.04,4.0,724,0,0
2024-08-10,Store_C,Water,7.52,4.0,840,0,0
2024-08-11,Store_A,Cola,10.35,7.0,930,1,0
2024-08-11,Store_B,Cola,11.2,7.0,841,1,0
2024-08-11,Store_C,Cola,11.82,7.0,589,0,0
2024-08-11,Store_A,Chips,20.25,11.0,305,0,0
2024-08-11,Store_B,Chips,19.62,11.0,310,0,0
2024-08-11,Store_C,Chips,19.53,11.0,379,0,0
2024-08-11,Store_A,Water,7.99,4.0,718,0,0
2024-08-11,Store_B,Water,8.11,4.0,797,0,0
2024-08-11,Store_C,Water,8.34,4.0,651,0,0
2024-08-12,Store_A,Cola,10.88,7.0,784,1,0
2024-08-12,Store_B,Cola,11.58,7.0,522,0,0
2024-08-12,Store_C,Cola,12.18,7.0,491,0,0
2024-08-12,Store_A,Chips,20.05,11.0,283,0,0
2024-08-12,Store_B,Chips,18.34,11.0,425,1,0
2024-08-12,Store_C,Chips,19.9,11.0,325,0,0
2024-08-12,Store_A,Water,7.62,4.0,767,0,0
2024-08-12,Store_B,Water,7.97,4.0,645,0,0
2024-08-12,Store_C,Water,8.14,4.0,637,0,0
2024-08-13,Store_A,Cola,11.08,7.0,730,1,0
2024-08-13,Store_B,Cola,11.9,7.0,502,0,0
2024-08-13,Store_C,Cola,12.3,7.0,462,0,0
2024-08-13,Store_A,Chips,18.96,11.0,310,0,0
2024-08-13,Store_B,Chips,19.18,11.0,351,0,0
2024-08-13,Store_C,Chips,19.74,11.0,280,0,0
2024-08-13,Store_A,Water,7.9,4.0,650,0,0
2024-08-13,Store_B,Water,7.4,4.0,915,1,0
2024-08-13,Store_C,Water,8.14,4.0,667,0,0
2024-08-14,Store_A,Cola,11.76,7.0,500,0,0
2024-08-14,Store_B,Cola,11.08,7.0,757,1,0
2024-08-14,Store_C,Cola,12.13,7.0,534,0,0
2024-08-14,Store_A,Chips,19.34,11.0,326,0,0
2024-08-14,Store_B,Chips,19.95,11.0,293,0,0
2024-08-14,Store_C,Chips,19.38,11.0,326,0,0
2024-08-14,Store_A,Water,7.47,4.0,758,0,0
2024-08-14,Store_B,Water,8.08,4.0,704,0,0
2024-08-14,Store_C,Water,7.81,4.0,666,0,0
2024-08-15,Store_A,Cola,11.83,7.0,464,0,0
2024-08-15,Store_B,Cola,12.15,7.0,477,0,0
2024-08-15,Store_C,Cola,12.13,7.0,471,0,0
2024-08-15,Store_A,Chips,20.14,11.0,282,0,0
2024-08-15,Store_B,Chips,20.42,11.0,276,0,0
2024-08-15,Store_C,Chips,19.62,11.0,326,0,0
2024-08-15,Store_A,Water,7.02,4.0,1173,1,0
2024-08-15,Store_B,Water,7.07,4.0,1023,1,0
2024-08-15,Store_C,Water,7.59,4.0,754,0,0
2024-08-16,Store_A,Cola,11.09,7.0,875,1,0
2024-08-16,Store_B,Cola,11.9,7.0,474,0,0
2024-08-16,Store_C,Cola,11.72,7.0,482,0,0
2024-08-16,Store_A,Chips,19.0,11.0,340,0,0
2024-08-16,Store_B,Chips,20.11,11.0,280,0,0
2024-08-16,Store_C,Chips,19.39,11.0,321,0,0
2024-08-16,Store_A,Water,7.09,4.0,1118,1,0
2024-08-16,Store_B,Water,7.66,4.0,655,0,0
2024-08-16,Store_C,Water,8.03,4.0,618,0,0
2024-08-17,Store_A,Cola,12.28,7.0,499,0,0
2024-08-17,Store_B,Cola,11.6,7.0,593,0,0
2024-08-17,Store_C,Cola,12.01,7.0,546,0,0
2024-08-17,Store_A,Chips,18.46,11.0,334,0,0
2024-08-17,Store_B,Chips,21.66,11.0,304,0,0
2024-08-17,Store_C,Chips,20.2,11.0,361,0,0
2024-08-17,Store_A,Water,8.14,4.0,682,0,0
2024-08-17,Store_B,Water,8.22,4.0,736,0,0
2024-08-17,Store_C,Water,8.11,4.0,694,0,0
2024-08-18,Store_A,Cola,11.02,7.0,896,1,0
2024-08-18,Store_B,Cola,11.65,7.0,618,0,0
2024-08-18,Store_C,Cola,10.91,7.0,851,1,0
2024-08-18,Store_A,Chips,19.88,11.0,321,0,0
2024-08-18,Store_B,Chips,20.38,11.0,341,0,0
2024-08-18,Store_C,Chips,18.66,11.0,466,1,0
2024-08-18,Store_A,Water,8.2,4.0,610,0,0
2024-08-18,Store_B,Water,8.23,4.0,606,0,0
2024-08-18,Store_C,Water,7.93,4.0,796,0,0
2024-08-19,Store_A,Cola,11.06,7.0,782,1,0
2024-08-19,Store_B,Cola,12.48,7.0,476,0,0
2024-08-19,Store_C,Cola,12.22,7.0,441,0,0
2024-08-19,Store_A,Chips,20.18,11.0,289,0,0
2024-08-19,Store_B,Chips,20.77,11.0,282,0,0
2024-08-19,Store_C,Chips,20.79,11.0,283,0,0
2024-08-19,Store_A,Water,8.17,4.0,596,0,0
2024-08-19,Store_B,Water,8.08,4.0,679,0,0
2024-08-19,Store_C,Water,7.92,4.0,689,0,0
2024-08-20,Store_A,Cola,11.74,7.0,511,0,0
2024-08-20,Store_B,Cola,12.03,7.0,492,0,0
2024-08-20,Store_C,Cola,10.35,7.0,885,1,0
2024-08-20,Store_A,Chips,17.91,11.0,449,1,0
2024-08-20,Store_B,Chips,20.2,11.0,316,0,0
2024-08-20,Store_C,Chips,20.25,11.0,273,0,0
2024-08-20,Store_A,Water,8.13,4.0,666,0,0
2024-08-20,Store_B,Water,7.13,4.0,1097,1,0
2024-08-20,Store_C,Water,8.15,4.0,642,0,0
2024-08-21,Store_A,Cola,12.27,7.0,514,0,0
2024-08-21,Store_B,Cola,12.2,7.0,490,0,0
2024-08-21,Store_C,Cola,11.68,7.0,547,0,0
2024-08-21,Store_A,Chips,20.37,11.0,300,0,0
2024-08-21,Store_B,Chips,20.25,11.0,297,0,0
2024-08-21,Store_C,Chips,18.01,11.0,500,1,0
2024-08-21,Store_A,Water,7.3,4.0,1080,1,0
2024-08-21,Store_B,Water,8.44,4.0,622,0,0
2024-08-21,Store_C,Water,8.61,4.0,584,0,0
2024-08-22,Store_A,Cola,12.33,7.0,492,0,0
2024-08-22,Store_B,Cola,11.59,7.0,532,0,0
2024-08-22,Store_C,Cola,11.21,7.0,742,1,0
2024-08-22,Store_A,Chips,17.79,11.0,485,1,0
2024-08-22,Store_B,Chips,19.99,11.0,286,0,0
2024-08-22,Store_C,Chips,17.6,11.0,483,1,0
2024-08-22,Store_A,Water,8.27,4.0,544,0,0
2024-08-22,Store_B,Water,8.02,4.0,735,0,0
2024-08-22,Store_C,Water,8.21,4.0,634,0,0
2024-08-23,Store_A,Cola,11.78,7.0,517,0,0
2024-08-23,Store_B,Cola,12.04,7.0,533,0,0
2024-08-23,Store_C,Cola,10.68,7.0,810,1,0
2024-08-23,Store_A,Chips,19.86,11.0,292,0,0
2024-08-23,Store_B,Chips,19.73,11.0,308,0,0
2024-08-23,Store_C,Chips,19.95,11.0,313,0,0
2024-08-23,Store_A,Water,8.0,4.0,722,0,0
2024-08-23,Store_B,Water,7.75,4.0,698,0,0
2024-08-23,Store_C,Water,8.22,4.0,614,0,0
2024-08-24,Store_A,Cola,12.4,7.0,494,0,0
2024-08-24,Store_B,Cola,11.98,7.0,552,0,0
2024-08-24,Store_C,Cola,11.46,7.0,616,0,0
2024-08-24,Store_A,Chips,19.99,11.0,382,0,0
2024-08-24,Store_B,Chips,19.65,11.0,329,0,0
2024-08-24,Store_C,Chips,19.92,11.0,353,0,0
2024-08-24,Store_A,Water,7.99,4.0,734,0,0
2024-08-24,Store_B,Water,7.89,4.0,711,0,0
2024-08-24,Store_C,Water,8.47,4.0,665,0,0
2024-08-25,Store_A,Cola,11.9,7.0,562,0,0
2024-08-25,Store_B,Cola,11.8,7.0,622,0,0
2024-08-25,Store_C,Cola,10.83,7.0,922,1,0
2024-08-25,Store_A,Chips,20.05,11.0,387,0,0
2024-08-25,Store_B,Chips,18.38,11.0,499,1,0
2024-08-25,Store_C,Chips,20.18,11.0,353,0,0
2024-08-25,Store_A,Water,8.25,4.0,707,0,0
2024-08-25,Store_B,Water,8.41,4.0,692,0,0
2024-08-25,Store_C,Water,7.93,4.0,738,0,0
2024-08-26,Store_A,Cola,11.92,7.0,521,0,0
2024-08-26,Store_B,Cola,10.68,7.0,782,1,0
2024-08-26,Store_C,Cola,10.7,7.0,837,1,0
2024-08-26,Store_A,Chips,19.55,11.0,319,0,0
2024-08-26,Store_B,Chips,20.03,11.0,289,0,0
2024-08-26,Store_C,Chips,21.85,11.0,261,0,0
2024-08-26,Store_A,Water,8.07,4.0,682,0,0
2024-08-26,Store_B,Water,8.52,4.0,594,0,0
2024-08-26,Store_C,Water,8.16,4.0,589,0,0
2024-08-27,Store_A,Cola,10.8,7.0,814,1,0
2024-08-27,Store_B,Cola,12.4,7.0,411,0,0
2024-08-27,Store_C,Cola,10.5,7.0,796,1,0
2024-08-27,Store_A,Chips,17.86,11.0,492,1,0
2024-08-27,Store_B,Chips,20.02,11.0,291,0,0
2024-08-27,Store_C,Chips,19.49,11.0,305,0,0
2024-08-27,Store_A,Water,7.05,4.0,1096,1,0
2024-08-27,Store_B,Water,7.91,4.0,686,0,0
2024-08-27,Store_C,Water,7.15,4.0,1034,1,0
